日期,基金代码,基金名称,单位净值
2023-09-01,F30021,蓝筹增强A,1.0152
2023-09-04,F30021,蓝筹增强A,1.015
2023-09-05,F30021,蓝筹增强A,1.0206
2023-09-06,F30021,蓝筹增强A,1.0232
2023-09-07,F30021,蓝筹增强A,1.0264
2023-09-08,F30021,蓝筹增强A,1.0306
2023-09-11,F30021,蓝筹增强A,1.039
2023-09-12,F30021,蓝筹增强A,1.0301
2023-09-13,F30021,蓝筹增强A,1.0442
2023-09-14,F30021,蓝筹增强A,1.0356
2023-09-15,F30021,蓝筹增强A,1.0385
2023-09-18,F30021,蓝筹增强A,1.0248
2023-09-19,F30021,蓝筹增强A,1.023
2023-09-20,F30021,蓝筹增强A,1.0155
2023-09-21,F30021,蓝筹增强A,1.0159
2023-09-22,F30021,蓝筹增强A,1.0245
2023-09-25,F30021,蓝筹增强A,1.0256
2023-09-26,F30021,蓝筹增强A,1.0489
2023-09-27,F30021,蓝筹增强A,1.0586
2023-09-28,F30021,蓝筹增强A,1.056
2023-09-29,F30021,蓝筹增强A,1.0551
2023-10-02,F30021,蓝筹增强A,1.0597
2023-10-03,F30021,蓝筹增强A,1.0684
2023-10-04,F30021,蓝筹增强A,1.0537
2023-10-05,F30021,蓝筹增强A,1.0615
2023-10-06,F30021,蓝筹增强A,1.0471
2023-10-09,F30021,蓝筹增强A,1.0537
2023-10-10,F30021,蓝筹增强A,1.0671
2023-10-11,F30021,蓝筹增强A,1.0709
2023-10-12,F30021,蓝筹增强A,1.0431
2023-10-13,F30021,蓝筹增强A,1.0223
2023-10-16,F30021,蓝筹增强A,1.029
2023-10-17,F30021,蓝筹增强A,1.0008
2023-10-18,F30021,蓝筹增强A,1.0079
2023-10-19,F30021,蓝筹增强A,1.0194
2023-10-20,F30021,蓝筹增强A,1.0328
2023-10-23,F30021,蓝筹增强A,1.0301
2023-10-24,F30021,蓝筹增强A,1.0354
2023-10-25,F30021,蓝筹增强A,1.038
2023-10-26,F30021,蓝筹增强A,1.0209
2023-10-27,F30021,蓝筹增强A,1.0297
2023-10-30,F30021,蓝筹增强A,1.0463
2023-10-31,F30021,蓝筹增强A,1.0547
2023-11-01,F30021,蓝筹增强A,1.0488
2023-11-02,F30021,蓝筹增强A,1.0578
2023-11-03,F30021,蓝筹增强A,1.0737
2023-11-06,F30021,蓝筹增强A,1.0882
2023-11-07,F30021,蓝筹增强A,1.1011
2023-11-08,F30021,蓝筹增强A,1.0815
2023-11-09,F30021,蓝筹增强A,1.0866
2023-11-10,F30021,蓝筹增强A,1.0947
2023-11-13,F30021,蓝筹增强A,1.1079
2023-11-14,F30021,蓝筹增强A,1.1146
2023-11-15,F30021,蓝筹增强A,1.1346
2023-11-16,F30021,蓝筹增强A,1.1114
2023-11-17,F30021,蓝筹增强A,1.1186
2023-11-20,F30021,蓝筹增强A,1.1249
2023-11-21,F30021,蓝筹增强A,1.1366
2023-11-22,F30021,蓝筹增强A,1.1569
2023-11-23,F30021,蓝筹增强A,1.1454
2023-11-24,F30021,蓝筹增强A,1.1654
2023-11-27,F30021,蓝筹增强A,1.1765
2023-11-28,F30021,蓝筹增强A,1.1741
2023-11-29,F30021,蓝筹增强A,1.1622
2023-11-30,F30021,蓝筹增强A,1.165
2023-12-01,F30021,蓝筹增强A,1.1689
2023-12-04,F30021,蓝筹增强A,1.1736
2023-12-05,F30021,蓝筹增强A,1.1654
2023-12-06,F30021,蓝筹增强A,1.1737
2023-12-07,F30021,蓝筹增强A,1.1684
2023-12-08,F30021,蓝筹增强A,1.1849
2023-12-11,F30021,蓝筹增强A,1.2084
2023-12-12,F30021,蓝筹增强A,1.1974
2023-12-13,F30021,蓝筹增强A,1.1984
2023-12-14,F30021,蓝筹增强A,1.2119
2023-12-15,F30021,蓝筹增强A,1.2158
2023-12-18,F30021,蓝筹增强A,1.1974
2023-12-19,F30021,蓝筹增强A,1.2094
2023-12-20,F30021,蓝筹增强A,1.2013
2023-12-21,F30021,蓝筹增强A,1.2042
2023-12-22,F30021,蓝筹增强A,1.1908
2023-12-25,F30021,蓝筹增强A,1.2018
2023-12-26,F30021,蓝筹增强A,1.1962
2023-12-27,F30021,蓝筹增强A,1.2087
2023-12-28,F30021,蓝筹增强A,1.2059
2023-12-29,F30021,蓝筹增强A,1.1995
2024-01-01,F30021,蓝筹增强A,1.2053
2024-01-02,F30021,蓝筹增强A,1.1908
2024-01-03,F30021,蓝筹增强A,1.2156
2024-01-04,F30021,蓝筹增强A,1.2183
2024-01-05,F30021,蓝筹增强A,1.2107
2024-01-08,F30021,蓝筹增强A,1.2053
2024-01-09,F30021,蓝筹增强A,1.2057
2024-01-10,F30021,蓝筹增强A,1.2196
2024-01-11,F30021,蓝筹增强A,1.2075
2024-01-12,F30021,蓝筹增强A,1.2026
2024-01-15,F30021,蓝筹增强A,1.202
2024-01-16,F30021,蓝筹增强A,1.2235
2024-01-17,F30021,蓝筹增强A,1.2377
2024-01-18,F30021,蓝筹增强A,1.2604
2024-01-19,F30021,蓝筹增强A,1.2611
2024-01-22,F30021,蓝筹增强A,1.282
2024-01-23,F30021,蓝筹增强A,1.3008
2024-01-24,F30021,蓝筹增强A,1.3113
2024-01-25,F30021,蓝筹增强A,1.3231
2024-01-26,F30021,蓝筹增强A,1.3144
2024-01-29,F30021,蓝筹增强A,1.3422
2024-01-30,F30021,蓝筹增强A,1.3387
2024-01-31,F30021,蓝筹增强A,1.3474
2024-02-01,F30021,蓝筹增强A,1.358
2024-02-02,F30021,蓝筹增强A,1.3371
2024-02-05,F30021,蓝筹增强A,1.3366
2024-02-06,F30021,蓝筹增强A,1.3398
2024-02-07,F30021,蓝筹增强A,1.3383
2024-02-08,F30021,蓝筹增强A,1.3379
2024-02-09,F30021,蓝筹增强A,1.361
2024-02-12,F30021,蓝筹增强A,1.3484
2024-02-13,F30021,蓝筹增强A,1.3293
2024-02-14,F30021,蓝筹增强A,1.3206
2024-02-15,F30021,蓝筹增强A,1.332
2024-02-16,F30021,蓝筹增强A,1.345
2024-02-19,F30021,蓝筹增强A,1.3545
2024-02-20,F30021,蓝筹增强A,1.3688
2024-02-21,F30021,蓝筹增强A,1.373
2024-02-22,F30021,蓝筹增强A,1.3651
2024-02-23,F30021,蓝筹增强A,1.3507
2024-02-26,F30021,蓝筹增强A,1.3316
2024-02-27,F30021,蓝筹增强A,1.3283
2024-02-28,F30021,蓝筹增强A,1.3405
2024-02-29,F30021,蓝筹增强A,1.3443
2024-03-01,F30021,蓝筹增强A,1.3448
2024-03-04,F30021,蓝筹增强A,1.3289
2024-03-05,F30021,蓝筹增强A,1.3687
2024-03-06,F30021,蓝筹增强A,1.3561
2024-03-07,F30021,蓝筹增强A,1.3582
2024-03-08,F30021,蓝筹增强A,1.3739
2024-03-11,F30021,蓝筹增强A,1.3748
2024-03-12,F30021,蓝筹增强A,1.3624
2024-03-13,F30021,蓝筹增强A,1.3752
2024-03-14,F30021,蓝筹增强A,1.3546
2024-03-15,F30021,蓝筹增强A,1.3819
2024-03-18,F30021,蓝筹增强A,1.3865
2024-03-19,F30021,蓝筹增强A,1.3827
2024-03-20,F30021,蓝筹增强A,1.3608
2024-03-21,F30021,蓝筹增强A,1.3432
2024-03-22,F30021,蓝筹增强A,1.3426
2024-03-25,F30021,蓝筹增强A,1.372
2024-03-26,F30021,蓝筹增强A,1.3759
2024-03-27,F30021,蓝筹增强A,1.3815
2024-03-28,F30021,蓝筹增强A,1.3878
2024-03-29,F30021,蓝筹增强A,1.4258
2024-04-01,F30021,蓝筹增强A,1.4189
2024-04-02,F30021,蓝筹增强A,1.4446
2024-04-03,F30021,蓝筹增强A,1.4382
2024-04-04,F30021,蓝筹增强A,1.427
2024-04-05,F30021,蓝筹增强A,1.4259
2024-04-08,F30021,蓝筹增强A,1.4247
2024-04-09,F30021,蓝筹增强A,1.434
2024-04-10,F30021,蓝筹增强A,1.3968
2024-04-11,F30021,蓝筹增强A,1.3993
2024-04-12,F30021,蓝筹增强A,1.39
2024-04-15,F30021,蓝筹增强A,1.3788
2024-04-16,F30021,蓝筹增强A,1.3588
2024-04-17,F30021,蓝筹增强A,1.3533
2024-04-18,F30021,蓝筹增强A,1.3456
2024-04-19,F30021,蓝筹增强A,1.3392
2024-04-22,F30021,蓝筹增强A,1.3146
2024-04-23,F30021,蓝筹增强A,1.3163
2024-04-24,F30021,蓝筹增强A,1.3047
2024-04-25,F30021,蓝筹增强A,1.2808
2024-04-26,F30021,蓝筹增强A,1.273
2024-04-29,F30021,蓝筹增强A,1.262
2024-04-30,F30021,蓝筹增强A,1.2627
2024-05-01,F30021,蓝筹增强A,1.2549
2024-05-02,F30021,蓝筹增强A,1.2345
2024-05-03,F30021,蓝筹增强A,1.2222
2024-05-06,F30021,蓝筹增强A,1.1986
2024-05-07,F30021,蓝筹增强A,1.2144
2024-05-08,F30021,蓝筹增强A,1.2326
2024-05-09,F30021,蓝筹增强A,1.2529
2024-05-10,F30021,蓝筹增强A,1.2447
2024-05-13,F30021,蓝筹增强A,1.2633
2024-05-14,F30021,蓝筹增强A,1.2694
2024-05-15,F30021,蓝筹增强A,1.2577
2024-05-16,F30021,蓝筹增强A,1.2489
2024-05-17,F30021,蓝筹增强A,1.2467
2024-05-20,F30021,蓝筹增强A,1.2483
2024-05-21,F30021,蓝筹增强A,1.2536
2024-05-22,F30021,蓝筹增强A,1.2538
2024-05-23,F30021,蓝筹增强A,1.249
2024-05-24,F30021,蓝筹增强A,1.2685
2024-05-27,F30021,蓝筹增强A,1.267
2024-05-28,F30021,蓝筹增强A,1.2647
2024-05-29,F30021,蓝筹增强A,1.2618
2024-05-30,F30021,蓝筹增强A,1.2603
2024-05-31,F30021,蓝筹增强A,1.2411
2024-06-03,F30021,蓝筹增强A,1.2272
2024-06-04,F30021,蓝筹增强A,1.262
2024-06-05,F30021,蓝筹增强A,1.2387
2024-06-06,F30021,蓝筹增强A,1.2427
2024-06-07,F30021,蓝筹增强A,1.2477
2024-06-10,F30021,蓝筹增强A,1.2623
2024-06-11,F30021,蓝筹增强A,1.2678
2024-06-12,F30021,蓝筹增强A,1.2956
2024-06-13,F30021,蓝筹增强A,1.2993
2024-06-14,F30021,蓝筹增强A,1.3195
2024-06-17,F30021,蓝筹增强A,1.3354
2024-06-18,F30021,蓝筹增强A,1.3593
2024-06-19,F30021,蓝筹增强A,1.3598
2024-06-20,F30021,蓝筹增强A,1.3662
2024-06-21,F30021,蓝筹增强A,1.3607
2024-06-24,F30021,蓝筹增强A,1.3633
2024-06-25,F30021,蓝筹增强A,1.3668
2024-06-26,F30021,蓝筹增强A,1.3351
2024-06-27,F30021,蓝筹增强A,1.3331
2024-06-28,F30021,蓝筹增强A,1.3468
2024-07-01,F30021,蓝筹增强A,1.3265
2024-07-02,F30021,蓝筹增强A,1.3118
2024-07-03,F30021,蓝筹增强A,1.3294
2024-07-04,F30021,蓝筹增强A,1.3501
2024-07-05,F30021,蓝筹增强A,1.3407
2024-07-08,F30021,蓝筹增强A,1.3436
2024-07-09,F30021,蓝筹增强A,1.3426
2024-07-10,F30021,蓝筹增强A,1.3609
2024-07-11,F30021,蓝筹增强A,1.3528
2024-07-12,F30021,蓝筹增强A,1.3472
2024-07-15,F30021,蓝筹增强A,1.3681
2024-07-16,F30021,蓝筹增强A,1.3527
2024-07-17,F30021,蓝筹增强A,1.3453
2024-07-18,F30021,蓝筹增强A,1.3475
2024-07-19,F30021,蓝筹增强A,1.3712
2024-07-22,F30021,蓝筹增强A,1.3529
2024-07-23,F30021,蓝筹增强A,1.3422
2024-07-24,F30021,蓝筹增强A,1.3515
2024-07-25,F30021,蓝筹增强A,1.3632
2024-07-26,F30021,蓝筹增强A,1.3667
2024-07-29,F30021,蓝筹增强A,1.365
2024-07-30,F30021,蓝筹增强A,1.3672
2024-07-31,F30021,蓝筹增强A,1.3442
2024-08-01,F30021,蓝筹增强A,1.3459
2024-08-02,F30021,蓝筹增强A,1.369
2024-08-05,F30021,蓝筹增强A,1.3487
2024-08-06,F30021,蓝筹增强A,1.3369
2024-08-07,F30021,蓝筹增强A,1.3311
2024-08-08,F30021,蓝筹增强A,1.3262
2024-08-09,F30021,蓝筹增强A,1.3545
2024-08-12,F30021,蓝筹增强A,1.3404
2024-08-13,F30021,蓝筹增强A,1.3234
2024-08-14,F30021,蓝筹增强A,1.3352
2024-08-15,F30021,蓝筹增强A,1.3256
2024-08-16,F30021,蓝筹增强A,1.3377
2024-08-19,F30021,蓝筹增强A,1.3349
2024-08-20,F30021,蓝筹增强A,1.3421
2024-08-21,F30021,蓝筹增强A,1.3185
2024-08-22,F30021,蓝筹增强A,1.3256
2024-08-23,F30021,蓝筹增强A,1.3291
2024-08-26,F30021,蓝筹增强A,1.3254
2024-08-27,F30021,蓝筹增强A,1.3071
2024-08-28,F30021,蓝筹增强A,1.3105
2024-08-29,F30021,蓝筹增强A,1.3215
2024-08-30,F30021,蓝筹增强A,1.3137
2024-09-02,F30021,蓝筹增强A,1.3063
2024-09-03,F30021,蓝筹增强A,1.3183
2024-09-04,F30021,蓝筹增强A,1.3444
2024-09-05,F30021,蓝筹增强A,1.3591
2024-09-06,F30021,蓝筹增强A,1.3628
2024-09-09,F30021,蓝筹增强A,1.3592
2024-09-10,F30021,蓝筹增强A,1.359
2024-09-11,F30021,蓝筹增强A,1.3388
2024-09-12,F30021,蓝筹增强A,1.3366
2024-09-13,F30021,蓝筹增强A,1.354
2024-09-16,F30021,蓝筹增强A,1.3547
2024-09-17,F30021,蓝筹增强A,1.3453
2024-09-18,F30021,蓝筹增强A,1.3345
2024-09-19,F30021,蓝筹增强A,1.3342
2024-09-20,F30021,蓝筹增强A,1.3158
2024-09-23,F30021,蓝筹增强A,1.3024
2024-09-24,F30021,蓝筹增强A,1.3255
2024-09-25,F30021,蓝筹增强A,1.3102
2024-09-26,F30021,蓝筹增强A,1.2985
2024-09-27,F30021,蓝筹增强A,1.3029
2024-09-30,F30021,蓝筹增强A,1.2966
2024-10-01,F30021,蓝筹增强A,1.2981
2024-10-02,F30021,蓝筹增强A,1.3111
2024-10-03,F30021,蓝筹增强A,1.2883
2024-10-04,F30021,蓝筹增强A,1.2996
2024-10-07,F30021,蓝筹增强A,1.2912
2024-10-08,F30021,蓝筹增强A,1.2872
2024-10-09,F30021,蓝筹增强A,1.3158
2024-10-10,F30021,蓝筹增强A,1.2952
2024-10-11,F30021,蓝筹增强A,1.3041
2024-10-14,F30021,蓝筹增强A,1.3211
2024-10-15,F30021,蓝筹增强A,1.3111
2024-10-16,F30021,蓝筹增强A,1.3013
2024-10-17,F30021,蓝筹增强A,1.296
2024-10-18,F30021,蓝筹增强A,1.2861
2024-10-21,F30021,蓝筹增强A,1.2872
2024-10-22,F30021,蓝筹增强A,1.3005
2024-10-23,F30021,蓝筹增强A,1.2954
2024-10-24,F30021,蓝筹增强A,1.3093
2024-10-25,F30021,蓝筹增强A,1.3305
2024-10-28,F30021,蓝筹增强A,1.3373
2024-10-29,F30021,蓝筹增强A,1.3455
2024-10-30,F30021,蓝筹增强A,1.3366
2024-10-31,F30021,蓝筹增强A,1.2974
2024-11-01,F30021,蓝筹增强A,1.3063
2024-11-04,F30021,蓝筹增强A,1.3184
2024-11-05,F30021,蓝筹增强A,1.3222
2024-11-06,F30021,蓝筹增强A,1.3361
2024-11-07,F30021,蓝筹增强A,1.328
2024-11-08,F30021,蓝筹增强A,1.336
2024-11-11,F30021,蓝筹增强A,1.3588
2024-11-12,F30021,蓝筹增强A,1.3693
2024-11-13,F30021,蓝筹增强A,1.3906
2024-11-14,F30021,蓝筹增强A,1.4123
2024-11-15,F30021,蓝筹增强A,1.393
2024-11-18,F30021,蓝筹增强A,1.4046
2024-11-19,F30021,蓝筹增强A,1.3948
2024-11-20,F30021,蓝筹增强A,1.3775
2024-11-21,F30021,蓝筹增强A,1.3732
2024-11-22,F30021,蓝筹增强A,1.4011
2024-11-25,F30021,蓝筹增强A,1.3926
2024-11-26,F30021,蓝筹增强A,1.3652
2024-11-27,F30021,蓝筹增强A,1.3431
2024-11-28,F30021,蓝筹增强A,1.3506
2024-11-29,F30021,蓝筹增强A,1.3392
2024-12-02,F30021,蓝筹增强A,1.3086
2024-12-03,F30021,蓝筹增强A,1.288
2024-12-04,F30021,蓝筹增强A,1.2906
2024-12-05,F30021,蓝筹增强A,1.3023
2024-12-06,F30021,蓝筹增强A,1.2959
2024-12-09,F30021,蓝筹增强A,1.3057
2024-12-10,F30021,蓝筹增强A,1.3195
2024-12-11,F30021,蓝筹增强A,1.308
2024-12-12,F30021,蓝筹增强A,1.3063
2024-12-13,F30021,蓝筹增强A,1.2976
2024-12-16,F30021,蓝筹增强A,1.3058
2024-12-17,F30021,蓝筹增强A,1.2969
2024-12-18,F30021,蓝筹增强A,1.2793
2024-12-19,F30021,蓝筹增强A,1.2802
2024-12-20,F30021,蓝筹增强A,1.2967
2024-12-23,F30021,蓝筹增强A,1.3044
2024-12-24,F30021,蓝筹增强A,1.3196
2024-12-25,F30021,蓝筹增强A,1.3337
2024-12-26,F30021,蓝筹增强A,1.3345
2024-12-27,F30021,蓝筹增强A,1.3256
2024-12-30,F30021,蓝筹增强A,1.3128
2024-12-31,F30021,蓝筹增强A,1.2894
2025-01-01,F30021,蓝筹增强A,1.3072
2025-01-02,F30021,蓝筹增强A,1.3025
2025-01-03,F30021,蓝筹增强A,1.2776
2025-01-06,F30021,蓝筹增强A,1.2958
2025-01-07,F30021,蓝筹增强A,1.2974
2025-01-08,F30021,蓝筹增强A,1.312
2025-01-09,F30021,蓝筹增强A,1.3082
2025-01-10,F30021,蓝筹增强A,1.2967
2025-01-13,F30021,蓝筹增强A,1.3034
2025-01-14,F30021,蓝筹增强A,1.3115
2025-01-15,F30021,蓝筹增强A,1.3075
2025-01-16,F30021,蓝筹增强A,1.3274
2025-01-17,F30021,蓝筹增强A,1.3419
2025-01-20,F30021,蓝筹增强A,1.3507
2025-01-21,F30021,蓝筹增强A,1.334
2025-01-22,F30021,蓝筹增强A,1.3153
2025-01-23,F30021,蓝筹增强A,1.3335
2025-01-24,F30021,蓝筹增强A,1.3009
2025-01-27,F30021,蓝筹增强A,1.2997
2025-01-28,F30021,蓝筹增强A,1.3021
2025-01-29,F30021,蓝筹增强A,1.295
2025-01-30,F30021,蓝筹增强A,1.2947
2025-01-31,F30021,蓝筹增强A,1.301
2025-02-03,F30021,蓝筹增强A,1.2926
2025-02-04,F30021,蓝筹增强A,1.3058
2025-02-05,F30021,蓝筹增强A,1.3146
2025-02-06,F30021,蓝筹增强A,1.3121
2025-02-07,F30021,蓝筹增强A,1.3
2025-02-10,F30021,蓝筹增强A,1.2988
2025-02-11,F30021,蓝筹增强A,1.3306
2025-02-12,F30021,蓝筹增强A,1.3194
2025-02-13,F30021,蓝筹增强A,1.3427
2025-02-14,F30021,蓝筹增强A,1.3163
2025-02-17,F30021,蓝筹增强A,1.3037
2025-02-18,F30021,蓝筹增强A,1.2958
2025-02-19,F30021,蓝筹增强A,1.3101
2025-02-20,F30021,蓝筹增强A,1.3111
2025-02-21,F30021,蓝筹增强A,1.331
2025-02-24,F30021,蓝筹增强A,1.3261
2025-02-25,F30021,蓝筹增强A,1.3255
2025-02-26,F30021,蓝筹增强A,1.3207
2025-02-27,F30021,蓝筹增强A,1.3517
2025-02-28,F30021,蓝筹增强A,1.3348
2025-03-03,F30021,蓝筹增强A,1.3273
2025-03-04,F30021,蓝筹增强A,1.3127
2025-03-05,F30021,蓝筹增强A,1.3215
2025-03-06,F30021,蓝筹增强A,1.3046
2025-03-07,F30021,蓝筹增强A,1.3322
2025-03-10,F30021,蓝筹增强A,1.3336
2025-03-11,F30021,蓝筹增强A,1.34
2025-03-12,F30021,蓝筹增强A,1.3473
2025-03-13,F30021,蓝筹增强A,1.3472
2025-03-14,F30021,蓝筹增强A,1.3492
2025-03-17,F30021,蓝筹增强A,1.3507
2025-03-18,F30021,蓝筹增强A,1.3589
2025-03-19,F30021,蓝筹增强A,1.3464
2025-03-20,F30021,蓝筹增强A,1.3315
2025-03-21,F30021,蓝筹增强A,1.3441
2025-03-24,F30021,蓝筹增强A,1.3443
2025-03-25,F30021,蓝筹增强A,1.3141
2025-03-26,F30021,蓝筹增强A,1.3072
2025-03-27,F30021,蓝筹增强A,1.3304
2025-03-28,F30021,蓝筹增强A,1.3281
2025-03-31,F30021,蓝筹增强A,1.3203
2025-04-01,F30021,蓝筹增强A,1.2982
2025-04-02,F30021,蓝筹增强A,1.29
2025-04-03,F30021,蓝筹增强A,1.2732
2025-04-04,F30021,蓝筹增强A,1.2796
2025-04-07,F30021,蓝筹增强A,1.2805
2025-04-08,F30021,蓝筹增强A,1.2754
2025-04-09,F30021,蓝筹增强A,1.2645
2025-04-10,F30021,蓝筹增强A,1.2869
2025-04-11,F30021,蓝筹增强A,1.2767
2025-04-14,F30021,蓝筹增强A,1.2668
2025-04-15,F30021,蓝筹增强A,1.2634
2025-04-16,F30021,蓝筹增强A,1.2621
2025-04-17,F30021,蓝筹增强A,1.2692
2025-04-18,F30021,蓝筹增强A,1.2829
2025-04-21,F30021,蓝筹增强A,1.2957
2025-04-22,F30021,蓝筹增强A,1.3322
2025-04-23,F30021,蓝筹增强A,1.3069
2025-04-24,F30021,蓝筹增强A,1.3105
2025-04-25,F30021,蓝筹增强A,1.303
2025-04-28,F30021,蓝筹增强A,1.3333
2025-04-29,F30021,蓝筹增强A,1.3362
2025-04-30,F30021,蓝筹增强A,1.3058
2025-05-01,F30021,蓝筹增强A,1.3125
2025-05-02,F30021,蓝筹增强A,1.3166
2025-05-05,F30021,蓝筹增强A,1.3282
2025-05-06,F30021,蓝筹增强A,1.3175
2025-05-07,F30021,蓝筹增强A,1.3226
2025-05-08,F30021,蓝筹增强A,1.3187
2025-05-09,F30021,蓝筹增强A,1.3089
2025-05-12,F30021,蓝筹增强A,1.3141
2025-05-13,F30021,蓝筹增强A,1.3166
2025-05-14,F30021,蓝筹增强A,1.3326
2025-05-15,F30021,蓝筹增强A,1.3332
2025-05-16,F30021,蓝筹增强A,1.3426
2025-05-19,F30021,蓝筹增强A,1.3244
2025-05-20,F30021,蓝筹增强A,1.3458
2025-05-21,F30021,蓝筹增强A,1.3341
2025-05-22,F30021,蓝筹增强A,1.3481
2025-05-23,F30021,蓝筹增强A,1.3523
2025-05-26,F30021,蓝筹增强A,1.3546
2025-05-27,F30021,蓝筹增强A,1.3666
2025-05-28,F30021,蓝筹增强A,1.3339
2025-05-29,F30021,蓝筹增强A,1.3254
2025-05-30,F30021,蓝筹增强A,1.3369
2025-06-02,F30021,蓝筹增强A,1.3666
2025-06-03,F30021,蓝筹增强A,1.3664
2025-06-04,F30021,蓝筹增强A,1.3292
2025-06-05,F30021,蓝筹增强A,1.3246
2025-06-06,F30021,蓝筹增强A,1.3239
2025-06-09,F30021,蓝筹增强A,1.3409
2025-06-10,F30021,蓝筹增强A,1.3418
2025-06-11,F30021,蓝筹增强A,1.3226
2025-06-12,F30021,蓝筹增强A,1.3374
2025-06-13,F30021,蓝筹增强A,1.3462
2025-06-16,F30021,蓝筹增强A,1.3358
2025-06-17,F30021,蓝筹增强A,1.3469
2025-06-18,F30021,蓝筹增强A,1.3388
2025-06-19,F30021,蓝筹增强A,1.3344
2025-06-20,F30021,蓝筹增强A,1.3266
2025-06-23,F30021,蓝筹增强A,1.3221
2025-06-24,F30021,蓝筹增强A,1.336
2025-06-25,F30021,蓝筹增强A,1.3092
2025-06-26,F30021,蓝筹增强A,1.326
2025-06-27,F30021,蓝筹增强A,1.3288
2025-06-30,F30021,蓝筹增强A,1.3231
2025-07-01,F30021,蓝筹增强A,1.3236
2025-07-02,F30021,蓝筹增强A,1.3102
2025-07-03,F30021,蓝筹增强A,1.2862
2025-07-04,F30021,蓝筹增强A,1.2736
2025-07-07,F30021,蓝筹增强A,1.2465
2025-07-08,F30021,蓝筹增强A,1.2277
2025-07-09,F30021,蓝筹增强A,1.2054
2025-07-10,F30021,蓝筹增强A,1.2224
2025-07-11,F30021,蓝筹增强A,1.2049
2025-07-14,F30021,蓝筹增强A,1.2045
2025-07-15,F30021,蓝筹增强A,1.22
2025-07-16,F30021,蓝筹增强A,1.2321
2025-07-17,F30021,蓝筹增强A,1.2281
2025-07-18,F30021,蓝筹增强A,1.2242
2025-07-21,F30021,蓝筹增强A,1.2269
2025-07-22,F30021,蓝筹增强A,1.2569
2025-07-23,F30021,蓝筹增强A,1.263
2025-07-24,F30021,蓝筹增强A,1.2728
2025-07-25,F30021,蓝筹增强A,1.3063
2025-07-28,F30021,蓝筹增强A,1.3106
2025-07-29,F30021,蓝筹增强A,1.328
2025-07-30,F30021,蓝筹增强A,1.3354
2025-07-31,F30021,蓝筹增强A,1.3427
2025-08-01,F30021,蓝筹增强A,1.3282
2025-08-04,F30021,蓝筹增强A,1.3114
2025-08-05,F30021,蓝筹增强A,1.304
2025-08-06,F30021,蓝筹增强A,1.3173
2025-08-07,F30021,蓝筹增强A,1.3301
2025-08-08,F30021,蓝筹增强A,1.3506
2025-08-11,F30021,蓝筹增强A,1.3506
2025-08-12,F30021,蓝筹增强A,1.3591
2025-08-13,F30021,蓝筹增强A,1.3677
2025-08-14,F30021,蓝筹增强A,1.3662
2025-08-15,F30021,蓝筹增强A,1.3614
2025-08-18,F30021,蓝筹增强A,1.3387
2025-08-19,F30021,蓝筹增强A,1.3366
2025-08-20,F30021,蓝筹增强A,1.3352
2025-08-21,F30021,蓝筹增强A,1.3527
2025-08-22,F30021,蓝筹增强A,1.372
2025-08-25,F30021,蓝筹增强A,1.3745
2025-08-26,F30021,蓝筹增强A,1.4073
2025-08-27,F30021,蓝筹增强A,1.4106
2025-08-28,F30021,蓝筹增强A,1.4275
2025-08-29,F30021,蓝筹增强A,1.426
2025-09-01,F30021,蓝筹增强A,1.4078
2025-09-02,F30021,蓝筹增强A,1.4012
2025-09-03,F30021,蓝筹增强A,1.4251
2025-09-04,F30021,蓝筹增强A,1.421
2025-09-05,F30021,蓝筹增强A,1.4137
2025-09-08,F30021,蓝筹增强A,1.4138
2025-09-09,F30021,蓝筹增强A,1.4078
2025-09-10,F30021,蓝筹增强A,1.4272
2025-09-11,F30021,蓝筹增强A,1.4584
2025-09-12,F30021,蓝筹增强A,1.4587
2025-09-15,F30021,蓝筹增强A,1.4679
2025-09-16,F30021,蓝筹增强A,1.4844
2025-09-17,F30021,蓝筹增强A,1.4864
2025-09-18,F30021,蓝筹增强A,1.4719
2025-09-19,F30021,蓝筹增强A,1.4652
2025-09-22,F30021,蓝筹增强A,1.4723
2025-09-23,F30021,蓝筹增强A,1.4791
2025-09-24,F30021,蓝筹增强A,1.4494
2025-09-25,F30021,蓝筹增强A,1.4425
2025-09-26,F30021,蓝筹增强A,1.4306
2025-09-29,F30021,蓝筹增强A,1.4452
2025-09-30,F30021,蓝筹增强A,1.434
2025-10-01,F30021,蓝筹增强A,1.4267
2025-10-02,F30021,蓝筹增强A,1.4188
2025-10-03,F30021,蓝筹增强A,1.4319
2025-10-06,F30021,蓝筹增强A,1.4479
2025-10-07,F30021,蓝筹增强A,1.4563
2025-10-08,F30021,蓝筹增强A,1.4749
2025-10-09,F30021,蓝筹增强A,1.496
2025-10-10,F30021,蓝筹增强A,1.4657
2025-10-13,F30021,蓝筹增强A,1.4758
2025-10-14,F30021,蓝筹增强A,1.4698
2025-10-15,F30021,蓝筹增强A,1.4491
2025-10-16,F30021,蓝筹增强A,1.4441
2025-10-17,F30021,蓝筹增强A,1.4563
2025-10-20,F30021,蓝筹增强A,1.4809
2025-10-21,F30021,蓝筹增强A,1.4586
2025-10-22,F30021,蓝筹增强A,1.4691
2025-10-23,F30021,蓝筹增强A,1.5025
2025-10-24,F30021,蓝筹增强A,1.5344
2025-10-27,F30021,蓝筹增强A,1.4754
2025-10-28,F30021,蓝筹增强A,1.5127
2025-10-29,F30021,蓝筹增强A,1.5295
2025-10-30,F30021,蓝筹增强A,1.4901
2025-10-31,F30021,蓝筹增强A,1.4773
2025-11-03,F30021,蓝筹增强A,1.4988
2025-11-04,F30021,蓝筹增强A,1.5052
2025-11-05,F30021,蓝筹增强A,1.4956
2025-11-06,F30021,蓝筹增强A,1.4969
2025-11-07,F30021,蓝筹增强A,1.5065
2025-11-10,F30021,蓝筹增强A,1.4968
2025-11-11,F30021,蓝筹增强A,1.4948
2025-11-12,F30021,蓝筹增强A,1.5104
2025-11-13,F30021,蓝筹增强A,1.4986
2025-11-14,F30021,蓝筹增强A,1.4758
2025-11-17,F30021,蓝筹增强A,1.4653
2025-11-18,F30021,蓝筹增强A,1.4508
2025-11-19,F30021,蓝筹增强A,1.441
2025-11-20,F30021,蓝筹增强A,1.4131
2025-11-21,F30021,蓝筹增强A,1.4171
2025-11-24,F30021,蓝筹增强A,1.4314
2025-11-25,F30021,蓝筹增强A,1.4184
2025-11-26,F30021,蓝筹增强A,1.4081
2025-11-27,F30021,蓝筹增强A,1.4053
2025-11-28,F30021,蓝筹增强A,1.391
2025-12-01,F30021,蓝筹增强A,1.4068
2025-12-02,F30021,蓝筹增强A,1.3929
2025-12-03,F30021,蓝筹增强A,1.3847
2025-12-04,F30021,蓝筹增强A,1.3729
2025-12-05,F30021,蓝筹增强A,1.389
2025-12-08,F30021,蓝筹增强A,1.3855
2025-12-09,F30021,蓝筹增强A,1.4175
2025-12-10,F30021,蓝筹增强A,1.4234
2025-12-11,F30021,蓝筹增强A,1.4425
2025-12-12,F30021,蓝筹增强A,1.4374
2025-12-15,F30021,蓝筹增强A,1.4222
2025-12-16,F30021,蓝筹增强A,1.4219
2025-12-17,F30021,蓝筹增强A,1.4111
2025-12-18,F30021,蓝筹增强A,1.3796
2025-12-19,F30021,蓝筹增强A,1.3958
2025-12-22,F30021,蓝筹增强A,1.3965
2025-12-23,F30021,蓝筹增强A,1.3856
2025-12-24,F30021,蓝筹增强A,1.3917
2025-12-25,F30021,蓝筹增强A,1.3926
2025-12-26,F30021,蓝筹增强A,1.4154
2025-12-29,F30021,蓝筹增强A,1.4225
2025-12-30,F30021,蓝筹增强A,1.4202
2025-12-31,F30021,蓝筹增强A,1.4316
2026-01-01,F30021,蓝筹增强A,1.4313
2026-01-02,F30021,蓝筹增强A,1.4344
2026-01-05,F30021,蓝筹增强A,1.4548
2026-01-06,F30021,蓝筹增强A,1.4358
2026-01-07,F30021,蓝筹增强A,1.4219
2026-01-08,F30021,蓝筹增强A,1.4153
2026-01-09,F30021,蓝筹增强A,1.4111
2026-01-12,F30021,蓝筹增强A,1.43
2026-01-13,F30021,蓝筹增强A,1.4074
2026-01-14,F30021,蓝筹增强A,1.4071
2026-01-15,F30021,蓝筹增强A,1.3985
2026-01-16,F30021,蓝筹增强A,1.426
2026-01-19,F30021,蓝筹增强A,1.4406
2026-01-20,F30021,蓝筹增强A,1.4448
2026-01-21,F30021,蓝筹增强A,1.461
2026-01-22,F30021,蓝筹增强A,1.4394
2026-01-23,F30021,蓝筹增强A,1.4732
2026-01-26,F30021,蓝筹增强A,1.4593
2026-01-27,F30021,蓝筹增强A,1.4806
2026-01-28,F30021,蓝筹增强A,1.4901
2026-01-29,F30021,蓝筹增强A,1.4948
2026-01-30,F30021,蓝筹增强A,1.5158
2026-02-02,F30021,蓝筹增强A,1.5333
2026-02-03,F30021,蓝筹增强A,1.5354
2026-02-04,F30021,蓝筹增强A,1.5283
2026-02-05,F30021,蓝筹增强A,1.5306
2026-02-06,F30021,蓝筹增强A,1.529
2026-02-09,F30021,蓝筹增强A,1.5354
2026-02-10,F30021,蓝筹增强A,1.5536
2026-02-11,F30021,蓝筹增强A,1.5621
2026-02-12,F30021,蓝筹增强A,1.5656
2026-02-13,F30021,蓝筹增强A,1.5542
2026-02-16,F30021,蓝筹增强A,1.5602
2026-02-17,F30021,蓝筹增强A,1.5305
2026-02-18,F30021,蓝筹增强A,1.5169
2026-02-19,F30021,蓝筹增强A,1.5276
2026-02-20,F30021,蓝筹增强A,1.5433
2026-02-23,F30021,蓝筹增强A,1.5431
2026-02-24,F30021,蓝筹增强A,1.5469
2026-02-25,F30021,蓝筹增强A,1.5536
2026-02-26,F30021,蓝筹增强A,1.5659
2026-02-27,F30021,蓝筹增强A,1.5626
2026-03-02,F30021,蓝筹增强A,1.5454
2026-03-03,F30021,蓝筹增强A,1.5524
2026-03-04,F30021,蓝筹增强A,1.5876
2026-03-05,F30021,蓝筹增强A,1.5713
2026-03-06,F30021,蓝筹增强A,1.5692
2026-03-09,F30021,蓝筹增强A,1.5625
2026-03-10,F30021,蓝筹增强A,1.6063
2026-03-11,F30021,蓝筹增强A,1.589
2026-03-12,F30021,蓝筹增强A,1.5863
2026-03-13,F30021,蓝筹增强A,1.58
2026-03-16,F30021,蓝筹增强A,1.5578
2026-03-17,F30021,蓝筹增强A,1.5349
2026-03-18,F30021,蓝筹增强A,1.5451
2026-03-19,F30021,蓝筹增强A,1.5578
2026-03-20,F30021,蓝筹增强A,1.5482
2026-03-23,F30021,蓝筹增强A,1.5734
2026-03-24,F30021,蓝筹增强A,1.5338
2026-03-25,F30021,蓝筹增强A,1.5122
2026-03-26,F30021,蓝筹增强A,1.4983
2026-03-27,F30021,蓝筹增强A,1.4983
2026-03-30,F30021,蓝筹增强A,1.4909
2026-03-31,F30021,蓝筹增强A,1.4876
2026-04-01,F30021,蓝筹增强A,1.4961
2026-04-02,F30021,蓝筹增强A,1.5213
2026-04-03,F30021,蓝筹增强A,1.5355
2026-04-06,F30021,蓝筹增强A,1.5367
2026-04-07,F30021,蓝筹增强A,1.5355
2026-04-08,F30021,蓝筹增强A,1.5551
2026-04-09,F30021,蓝筹增强A,1.589
2026-04-10,F30021,蓝筹增强A,1.6008
2026-04-13,F30021,蓝筹增强A,1.5921
2026-04-14,F30021,蓝筹增强A,1.597
2026-04-15,F30021,蓝筹增强A,1.6078
2026-04-16,F30021,蓝筹增强A,1.5979
2026-04-17,F30021,蓝筹增强A,1.614
2026-04-20,F30021,蓝筹增强A,1.619
2026-04-21,F30021,蓝筹增强A,1.6409
2026-04-22,F30021,蓝筹增强A,1.6229
2026-04-23,F30021,蓝筹增强A,1.5913
2026-04-24,F30021,蓝筹增强A,1.5844
2026-04-27,F30021,蓝筹增强A,1.5851
2026-04-28,F30021,蓝筹增强A,1.5531
2026-04-29,F30021,蓝筹增强A,1.5426
2026-04-30,F30021,蓝筹增强A,1.5655
2026-05-01,F30021,蓝筹增强A,1.5753
2026-05-04,F30021,蓝筹增强A,1.5779
2026-05-05,F30021,蓝筹增强A,1.5593
2026-05-06,F30021,蓝筹增强A,1.5819
2026-05-07,F30021,蓝筹增强A,1.5746
2026-05-08,F30021,蓝筹增强A,1.5765
2026-05-11,F30021,蓝筹增强A,1.584
2026-05-12,F30021,蓝筹增强A,1.5874
2026-05-13,F30021,蓝筹增强A,1.6148
2026-05-14,F30021,蓝筹增强A,1.6256
2026-05-15,F30021,蓝筹增强A,1.6321
2026-05-18,F30021,蓝筹增强A,1.6307
2026-05-19,F30021,蓝筹增强A,1.639
2026-05-20,F30021,蓝筹增强A,1.6353
2026-05-21,F30021,蓝筹增强A,1.639
2026-05-22,F30021,蓝筹增强A,1.6329
2026-05-25,F30021,蓝筹增强A,1.6238
2026-05-26,F30021,蓝筹增强A,1.6072
2026-05-27,F30021,蓝筹增强A,1.6025
2026-05-28,F30021,蓝筹增强A,1.5966
2026-05-29,F30021,蓝筹增强A,1.6304
2026-06-01,F30021,蓝筹增强A,1.6491
2026-06-02,F30021,蓝筹增强A,1.6468
2026-06-03,F30021,蓝筹增强A,1.6391
2026-06-04,F30021,蓝筹增强A,1.6509
2026-06-05,F30021,蓝筹增强A,1.688
2026-06-08,F30021,蓝筹增强A,1.7036
2026-06-09,F30021,蓝筹增强A,1.6708
2026-06-10,F30021,蓝筹增强A,1.6875
2026-06-11,F30021,蓝筹增强A,1.7079
2026-06-12,F30021,蓝筹增强A,1.7514
2026-06-15,F30021,蓝筹增强A,1.7467
2026-06-16,F30021,蓝筹增强A,1.7497
2026-06-17,F30021,蓝筹增强A,1.7589
2026-06-18,F30021,蓝筹增强A,1.7439
2026-06-19,F30021,蓝筹增强A,1.7273
2026-06-22,F30021,蓝筹增强A,1.7354
2026-06-23,F30021,蓝筹增强A,1.7054
2026-06-24,F30021,蓝筹增强A,1.6802
2026-06-25,F30021,蓝筹增强A,1.6961
2026-06-26,F30021,蓝筹增强A,1.706
2026-06-29,F30021,蓝筹增强A,1.7307
2026-06-30,F30021,蓝筹增强A,1.7401
2026-07-01,F30021,蓝筹增强A,1.7405
2026-07-02,F30021,蓝筹增强A,1.7665
2026-07-03,F30021,蓝筹增强A,1.7582
2026-07-06,F30021,蓝筹增强A,1.7518
2026-07-07,F30021,蓝筹增强A,1.7508
2026-07-08,F30021,蓝筹增强A,1.76
2026-07-09,F30021,蓝筹增强A,1.7589
2026-07-10,F30021,蓝筹增强A,1.7297
2026-07-13,F30021,蓝筹增强A,1.7246
2026-07-14,F30021,蓝筹增强A,1.7243
2026-07-15,F30021,蓝筹增强A,1.7268
2026-07-16,F30021,蓝筹增强A,1.7182
2026-07-17,F30021,蓝筹增强A,1.7283
2026-07-20,F30021,蓝筹增强A,1.6972
2026-07-21,F30021,蓝筹增强A,1.7054
2026-07-22,F30021,蓝筹增强A,1.7408
2026-07-23,F30021,蓝筹增强A,1.7291
2026-07-24,F30021,蓝筹增强A,1.7305
2026-07-27,F30021,蓝筹增强A,1.7258
2026-07-28,F30021,蓝筹增强A,1.7215
2026-07-29,F30021,蓝筹增强A,1.7017
2026-07-30,F30021,蓝筹增强A,1.741
2026-07-31,F30021,蓝筹增强A,1.7489
2026-08-03,F30021,蓝筹增强A,1.7358
2026-08-04,F30021,蓝筹增强A,1.7206
2026-08-05,F30021,蓝筹增强A,1.7221
2026-08-06,F30021,蓝筹增强A,1.6803
2026-08-07,F30021,蓝筹增强A,1.7008
2026-08-10,F30021,蓝筹增强A,1.6911
2026-08-11,F30021,蓝筹增强A,1.6988
2026-08-12,F30021,蓝筹增强A,1.7075
2026-08-13,F30021,蓝筹增强A,1.7266
2026-08-14,F30021,蓝筹增强A,1.7366
2026-08-17,F30021,蓝筹增强A,1.7516
2026-08-18,F30021,蓝筹增强A,1.7722
2026-08-19,F30021,蓝筹增强A,1.7658
2026-08-20,F30021,蓝筹增强A,1.8098
2026-08-21,F30021,蓝筹增强A,1.8174
2026-08-24,F30021,蓝筹增强A,1.817
2026-08-25,F30021,蓝筹增强A,1.8
2026-08-26,F30021,蓝筹增强A,1.796
2026-08-27,F30021,蓝筹增强A,1.8045
2026-08-28,F30021,蓝筹增强A,1.8067
2026-08-31,F30021,蓝筹增强A,1.8449
2023-09-01,F11005,稳健纯债C,0.9992
2023-09-04,F11005,稳健纯债C,1.001
2023-09-05,F11005,稳健纯债C,0.9983
2023-09-06,F11005,稳健纯债C,1.004
2023-09-07,F11005,稳健纯债C,1.0011
2023-09-08,F11005,稳健纯债C,1.0065
2023-09-11,F11005,稳健纯债C,1.0063
2023-09-12,F11005,稳健纯债C,1.0007
2023-09-13,F11005,稳健纯债C,1.0043
2023-09-14,F11005,稳健纯债C,1.0046
2023-09-15,F11005,稳健纯债C,1.0036
2023-09-18,F11005,稳健纯债C,1.0054
2023-09-19,F11005,稳健纯债C,1.0072
2023-09-20,F11005,稳健纯债C,1.0084
2023-09-21,F11005,稳健纯债C,1.0115
2023-09-22,F11005,稳健纯债C,1.0122
2023-09-25,F11005,稳健纯债C,1.0141
2023-09-26,F11005,稳健纯债C,1.0129
2023-09-27,F11005,稳健纯债C,1.015
2023-09-28,F11005,稳健纯债C,1.0138
2023-09-29,F11005,稳健纯债C,1.011
2023-10-02,F11005,稳健纯债C,1.0106
2023-10-03,F11005,稳健纯债C,1.0101
2023-10-04,F11005,稳健纯债C,1.0126
2023-10-05,F11005,稳健纯债C,1.009
2023-10-06,F11005,稳健纯债C,1.0119
2023-10-09,F11005,稳健纯债C,1.0105
2023-10-10,F11005,稳健纯债C,1.0043
2023-10-11,F11005,稳健纯债C,1.0014
2023-10-12,F11005,稳健纯债C,1.0008
2023-10-13,F11005,稳健纯债C,1.002
2023-10-16,F11005,稳健纯债C,1.0018
2023-10-17,F11005,稳健纯债C,0.9989
2023-10-18,F11005,稳健纯债C,0.9971
2023-10-19,F11005,稳健纯债C,0.9942
2023-10-20,F11005,稳健纯债C,0.995
2023-10-23,F11005,稳健纯债C,0.9949
2023-10-24,F11005,稳健纯债C,0.9966
2023-10-25,F11005,稳健纯债C,0.9923
2023-10-26,F11005,稳健纯债C,0.9911
2023-10-27,F11005,稳健纯债C,0.9963
2023-10-30,F11005,稳健纯债C,0.9981
2023-10-31,F11005,稳健纯债C,0.9974
2023-11-01,F11005,稳健纯债C,0.9951
2023-11-02,F11005,稳健纯债C,0.998
2023-11-03,F11005,稳健纯债C,1.002
2023-11-06,F11005,稳健纯债C,0.9993
2023-11-07,F11005,稳健纯债C,0.9967
2023-11-08,F11005,稳健纯债C,0.9976
2023-11-09,F11005,稳健纯债C,0.9987
2023-11-10,F11005,稳健纯债C,1.0
2023-11-13,F11005,稳健纯债C,1.0048
2023-11-14,F11005,稳健纯债C,1.0025
2023-11-15,F11005,稳健纯债C,1.0027
2023-11-16,F11005,稳健纯债C,1.0047
2023-11-17,F11005,稳健纯债C,1.0066
2023-11-20,F11005,稳健纯债C,1.0051
2023-11-21,F11005,稳健纯债C,1.0037
2023-11-22,F11005,稳健纯债C,1.0027
2023-11-23,F11005,稳健纯债C,1.0072
2023-11-24,F11005,稳健纯债C,1.0048
2023-11-27,F11005,稳健纯债C,1.0041
2023-11-28,F11005,稳健纯债C,1.0062
2023-11-29,F11005,稳健纯债C,1.0036
2023-11-30,F11005,稳健纯债C,1.0044
2023-12-01,F11005,稳健纯债C,0.9997
2023-12-04,F11005,稳健纯债C,1.0003
2023-12-05,F11005,稳健纯债C,1.0006
2023-12-06,F11005,稳健纯债C,1.0012
2023-12-07,F11005,稳健纯债C,0.9991
2023-12-08,F11005,稳健纯债C,0.9998
2023-12-11,F11005,稳健纯债C,0.9999
2023-12-12,F11005,稳健纯债C,1.0033
2023-12-13,F11005,稳健纯债C,1.005
2023-12-14,F11005,稳健纯债C,1.0015
2023-12-15,F11005,稳健纯债C,0.9995
2023-12-18,F11005,稳健纯债C,0.9981
2023-12-19,F11005,稳健纯债C,0.9987
2023-12-20,F11005,稳健纯债C,0.9984
2023-12-21,F11005,稳健纯债C,0.9981
2023-12-22,F11005,稳健纯债C,1.0054
2023-12-25,F11005,稳健纯债C,1.0042
2023-12-26,F11005,稳健纯债C,1.0079
2023-12-27,F11005,稳健纯债C,1.0077
2023-12-28,F11005,稳健纯债C,1.0023
2023-12-29,F11005,稳健纯债C,1.0029
2024-01-01,F11005,稳健纯债C,1.0059
2024-01-02,F11005,稳健纯债C,1.0076
2024-01-03,F11005,稳健纯债C,1.0084
2024-01-04,F11005,稳健纯债C,1.0086
2024-01-05,F11005,稳健纯债C,1.0075
2024-01-08,F11005,稳健纯债C,1.0099
2024-01-09,F11005,稳健纯债C,1.0089
2024-01-10,F11005,稳健纯债C,1.0074
2024-01-11,F11005,稳健纯债C,1.0086
2024-01-12,F11005,稳健纯债C,1.008
2024-01-15,F11005,稳健纯债C,1.0114
2024-01-16,F11005,稳健纯债C,1.0127
2024-01-17,F11005,稳健纯债C,1.0109
2024-01-18,F11005,稳健纯债C,1.0081
2024-01-19,F11005,稳健纯债C,1.0068
2024-01-22,F11005,稳健纯债C,1.0129
2024-01-23,F11005,稳健纯债C,1.0124
2024-01-24,F11005,稳健纯债C,1.0145
2024-01-25,F11005,稳健纯债C,1.0113
2024-01-26,F11005,稳健纯债C,1.0087
2024-01-29,F11005,稳健纯债C,1.0083
2024-01-30,F11005,稳健纯债C,1.0128
2024-01-31,F11005,稳健纯债C,1.0096
2024-02-01,F11005,稳健纯债C,1.0082
2024-02-02,F11005,稳健纯债C,1.0106
2024-02-05,F11005,稳健纯债C,1.0148
2024-02-06,F11005,稳健纯债C,1.0161
2024-02-07,F11005,稳健纯债C,1.018
2024-02-08,F11005,稳健纯债C,1.0158
2024-02-09,F11005,稳健纯债C,1.0126
2024-02-12,F11005,稳健纯债C,1.0098
2024-02-13,F11005,稳健纯债C,1.0077
2024-02-14,F11005,稳健纯债C,1.0084
2024-02-15,F11005,稳健纯债C,1.0054
2024-02-16,F11005,稳健纯债C,1.0062
2024-02-19,F11005,稳健纯债C,1.0055
2024-02-20,F11005,稳健纯债C,1.0042
2024-02-21,F11005,稳健纯债C,1.0066
2024-02-22,F11005,稳健纯债C,1.0043
2024-02-23,F11005,稳健纯债C,1.0081
2024-02-26,F11005,稳健纯债C,1.0104
2024-02-27,F11005,稳健纯债C,1.008
2024-02-28,F11005,稳健纯债C,1.0112
2024-02-29,F11005,稳健纯债C,1.0085
2024-03-01,F11005,稳健纯债C,1.0119
2024-03-04,F11005,稳健纯债C,1.0129
2024-03-05,F11005,稳健纯债C,1.009
2024-03-06,F11005,稳健纯债C,1.0059
2024-03-07,F11005,稳健纯债C,1.005
2024-03-08,F11005,稳健纯债C,1.0073
2024-03-11,F11005,稳健纯债C,1.007
2024-03-12,F11005,稳健纯债C,1.0067
2024-03-13,F11005,稳健纯债C,1.0069
2024-03-14,F11005,稳健纯债C,1.002
2024-03-15,F11005,稳健纯债C,1.0042
2024-03-18,F11005,稳健纯债C,1.0077
2024-03-19,F11005,稳健纯债C,1.0099
2024-03-20,F11005,稳健纯债C,1.009
2024-03-21,F11005,稳健纯债C,1.0068
2024-03-22,F11005,稳健纯债C,1.0042
2024-03-25,F11005,稳健纯债C,1.0015
2024-03-26,F11005,稳健纯债C,1.0074
2024-03-27,F11005,稳健纯债C,1.0073
2024-03-28,F11005,稳健纯债C,1.0098
2024-03-29,F11005,稳健纯债C,1.0121
2024-04-01,F11005,稳健纯债C,1.0126
2024-04-02,F11005,稳健纯债C,1.0103
2024-04-03,F11005,稳健纯债C,1.0118
2024-04-04,F11005,稳健纯债C,1.0092
2024-04-05,F11005,稳健纯债C,1.0108
2024-04-08,F11005,稳健纯债C,1.0083
2024-04-09,F11005,稳健纯债C,1.0074
2024-04-10,F11005,稳健纯债C,1.0064
2024-04-11,F11005,稳健纯债C,1.0101
2024-04-12,F11005,稳健纯债C,1.004
2024-04-15,F11005,稳健纯债C,1.0101
2024-04-16,F11005,稳健纯债C,1.0082
2024-04-17,F11005,稳健纯债C,1.008
2024-04-18,F11005,稳健纯债C,1.0092
2024-04-19,F11005,稳健纯债C,1.0102
2024-04-22,F11005,稳健纯债C,1.0125
2024-04-23,F11005,稳健纯债C,1.0142
2024-04-24,F11005,稳健纯债C,1.0196
2024-04-25,F11005,稳健纯债C,1.0216
2024-04-26,F11005,稳健纯债C,1.0214
2024-04-29,F11005,稳健纯债C,1.0201
2024-04-30,F11005,稳健纯债C,1.0188
2024-05-01,F11005,稳健纯债C,1.0223
2024-05-02,F11005,稳健纯债C,1.0269
2024-05-03,F11005,稳健纯债C,1.0297
2024-05-06,F11005,稳健纯债C,1.0216
2024-05-07,F11005,稳健纯债C,1.016
2024-05-08,F11005,稳健纯债C,1.0161
2024-05-09,F11005,稳健纯债C,1.0158
2024-05-10,F11005,稳健纯债C,1.016
2024-05-13,F11005,稳健纯债C,1.0194
2024-05-14,F11005,稳健纯债C,1.0226
2024-05-15,F11005,稳健纯债C,1.0232
2024-05-16,F11005,稳健纯债C,1.0194
2024-05-17,F11005,稳健纯债C,1.0164
2024-05-20,F11005,稳健纯债C,1.0167
2024-05-21,F11005,稳健纯债C,1.0179
2024-05-22,F11005,稳健纯债C,1.0149
2024-05-23,F11005,稳健纯债C,1.0167
2024-05-24,F11005,稳健纯债C,1.0124
2024-05-27,F11005,稳健纯债C,1.0057
2024-05-28,F11005,稳健纯债C,1.0036
2024-05-29,F11005,稳健纯债C,1.0073
2024-05-30,F11005,稳健纯债C,1.0113
2024-05-31,F11005,稳健纯债C,1.0074
2024-06-03,F11005,稳健纯债C,1.0036
2024-06-04,F11005,稳健纯债C,1.0057
2024-06-05,F11005,稳健纯债C,1.0047
2024-06-06,F11005,稳健纯债C,1.0083
2024-06-07,F11005,稳健纯债C,1.0104
2024-06-10,F11005,稳健纯债C,1.0129
2024-06-11,F11005,稳健纯债C,1.0109
2024-06-12,F11005,稳健纯债C,1.0122
2024-06-13,F11005,稳健纯债C,1.0175
2024-06-14,F11005,稳健纯债C,1.018
2024-06-17,F11005,稳健纯债C,1.018
2024-06-18,F11005,稳健纯债C,1.017
2024-06-19,F11005,稳健纯债C,1.0131
2024-06-20,F11005,稳健纯债C,1.0104
2024-06-21,F11005,稳健纯债C,1.0082
2024-06-24,F11005,稳健纯债C,1.0042
2024-06-25,F11005,稳健纯债C,1.0004
2024-06-26,F11005,稳健纯债C,0.9944
2024-06-27,F11005,稳健纯债C,0.9925
2024-06-28,F11005,稳健纯债C,0.9944
2024-07-01,F11005,稳健纯债C,0.9937
2024-07-02,F11005,稳健纯债C,0.9931
2024-07-03,F11005,稳健纯债C,0.9951
2024-07-04,F11005,稳健纯债C,0.9995
2024-07-05,F11005,稳健纯债C,1.0054
2024-07-08,F11005,稳健纯债C,1.0059
2024-07-09,F11005,稳健纯债C,1.0054
2024-07-10,F11005,稳健纯债C,1.0044
2024-07-11,F11005,稳健纯债C,1.0061
2024-07-12,F11005,稳健纯债C,1.0058
2024-07-15,F11005,稳健纯债C,1.0056
2024-07-16,F11005,稳健纯债C,1.0055
2024-07-17,F11005,稳健纯债C,1.0032
2024-07-18,F11005,稳健纯债C,0.9975
2024-07-19,F11005,稳健纯债C,0.9959
2024-07-22,F11005,稳健纯债C,0.9997
2024-07-23,F11005,稳健纯债C,1.0034
2024-07-24,F11005,稳健纯债C,1.006
2024-07-25,F11005,稳健纯债C,1.0049
2024-07-26,F11005,稳健纯债C,1.003
2024-07-29,F11005,稳健纯债C,1.0073
2024-07-30,F11005,稳健纯债C,1.0046
2024-07-31,F11005,稳健纯债C,1.0049
2024-08-01,F11005,稳健纯债C,1.0093
2024-08-02,F11005,稳健纯债C,1.0098
2024-08-05,F11005,稳健纯债C,1.0092
2024-08-06,F11005,稳健纯债C,1.0123
2024-08-07,F11005,稳健纯债C,1.0126
2024-08-08,F11005,稳健纯债C,1.0132
2024-08-09,F11005,稳健纯债C,1.0173
2024-08-12,F11005,稳健纯债C,1.0109
2024-08-13,F11005,稳健纯债C,1.0119
2024-08-14,F11005,稳健纯债C,1.0101
2024-08-15,F11005,稳健纯债C,1.0097
2024-08-16,F11005,稳健纯债C,1.0101
2024-08-19,F11005,稳健纯债C,1.0085
2024-08-20,F11005,稳健纯债C,1.0093
2024-08-21,F11005,稳健纯债C,1.0104
2024-08-22,F11005,稳健纯债C,1.011
2024-08-23,F11005,稳健纯债C,1.0115
2024-08-26,F11005,稳健纯债C,1.0113
2024-08-27,F11005,稳健纯债C,1.0112
2024-08-28,F11005,稳健纯债C,1.0115
2024-08-29,F11005,稳健纯债C,1.0093
2024-08-30,F11005,稳健纯债C,1.0127
2024-09-02,F11005,稳健纯债C,1.0126
2024-09-03,F11005,稳健纯债C,1.0117
2024-09-04,F11005,稳健纯债C,1.0128
2024-09-05,F11005,稳健纯债C,1.0127
2024-09-06,F11005,稳健纯债C,1.016
2024-09-09,F11005,稳健纯债C,1.0184
2024-09-10,F11005,稳健纯债C,1.0188
2024-09-11,F11005,稳健纯债C,1.0214
2024-09-12,F11005,稳健纯债C,1.0221
2024-09-13,F11005,稳健纯债C,1.0193
2024-09-16,F11005,稳健纯债C,1.0217
2024-09-17,F11005,稳健纯债C,1.017
2024-09-18,F11005,稳健纯债C,1.0081
2024-09-19,F11005,稳健纯债C,1.01
2024-09-20,F11005,稳健纯债C,1.0113
2024-09-23,F11005,稳健纯债C,1.0124
2024-09-24,F11005,稳健纯债C,1.0161
2024-09-25,F11005,稳健纯债C,1.0162
2024-09-26,F11005,稳健纯债C,1.0153
2024-09-27,F11005,稳健纯债C,1.0175
2024-09-30,F11005,稳健纯债C,1.0158
2024-10-01,F11005,稳健纯债C,1.0153
2024-10-02,F11005,稳健纯债C,1.0161
2024-10-03,F11005,稳健纯债C,1.0171
2024-10-04,F11005,稳健纯债C,1.0164
2024-10-07,F11005,稳健纯债C,1.0153
2024-10-08,F11005,稳健纯债C,1.0126
2024-10-09,F11005,稳健纯债C,1.0107
2024-10-10,F11005,稳健纯债C,1.0155
2024-10-11,F11005,稳健纯债C,1.0149
2024-10-14,F11005,稳健纯债C,1.0156
2024-10-15,F11005,稳健纯债C,1.0119
2024-10-16,F11005,稳健纯债C,1.0186
2024-10-17,F11005,稳健纯债C,1.0165
2024-10-18,F11005,稳健纯债C,1.0136
2024-10-21,F11005,稳健纯债C,1.0136
2024-10-22,F11005,稳健纯债C,1.0115
2024-10-23,F11005,稳健纯债C,1.0125
2024-10-24,F11005,稳健纯债C,1.0088
2024-10-25,F11005,稳健纯债C,1.0119
2024-10-28,F11005,稳健纯债C,1.0144
2024-10-29,F11005,稳健纯债C,1.0142
2024-10-30,F11005,稳健纯债C,1.0101
2024-10-31,F11005,稳健纯债C,1.0082
2024-11-01,F11005,稳健纯债C,1.0085
2024-11-04,F11005,稳健纯债C,1.0056
2024-11-05,F11005,稳健纯债C,1.003
2024-11-06,F11005,稳健纯债C,1.0058
2024-11-07,F11005,稳健纯债C,1.0064
2024-11-08,F11005,稳健纯债C,1.0068
2024-11-11,F11005,稳健纯债C,1.0083
2024-11-12,F11005,稳健纯债C,1.008
2024-11-13,F11005,稳健纯债C,1.008
2024-11-14,F11005,稳健纯债C,1.0093
2024-11-15,F11005,稳健纯债C,1.0115
2024-11-18,F11005,稳健纯债C,1.0129
2024-11-19,F11005,稳健纯债C,1.0168
2024-11-20,F11005,稳健纯债C,1.017
2024-11-21,F11005,稳健纯债C,1.0137
2024-11-22,F11005,稳健纯债C,1.0166
2024-11-25,F11005,稳健纯债C,1.0161
2024-11-26,F11005,稳健纯债C,1.0143
2024-11-27,F11005,稳健纯债C,1.0163
2024-11-28,F11005,稳健纯债C,1.0174
2024-11-29,F11005,稳健纯债C,1.0142
2024-12-02,F11005,稳健纯债C,1.0161
2024-12-03,F11005,稳健纯债C,1.0211
2024-12-04,F11005,稳健纯债C,1.022
2024-12-05,F11005,稳健纯债C,1.0215
2024-12-06,F11005,稳健纯债C,1.0173
2024-12-09,F11005,稳健纯债C,1.0228
2024-12-10,F11005,稳健纯债C,1.0216
2024-12-11,F11005,稳健纯债C,1.0181
2024-12-12,F11005,稳健纯债C,1.0185
2024-12-13,F11005,稳健纯债C,1.0213
2024-12-16,F11005,稳健纯债C,1.0246
2024-12-17,F11005,稳健纯债C,1.023
2024-12-18,F11005,稳健纯债C,1.0229
2024-12-19,F11005,稳健纯债C,1.023
2024-12-20,F11005,稳健纯债C,1.0257
2024-12-23,F11005,稳健纯债C,1.0274
2024-12-24,F11005,稳健纯债C,1.0282
2024-12-25,F11005,稳健纯债C,1.0307
2024-12-26,F11005,稳健纯债C,1.0273
2024-12-27,F11005,稳健纯债C,1.0286
2024-12-30,F11005,稳健纯债C,1.0293
2024-12-31,F11005,稳健纯债C,1.0293
2025-01-01,F11005,稳健纯债C,1.0288
2025-01-02,F11005,稳健纯债C,1.0293
2025-01-03,F11005,稳健纯债C,1.0279
2025-01-06,F11005,稳健纯债C,1.0352
2025-01-07,F11005,稳健纯债C,1.0389
2025-01-08,F11005,稳健纯债C,1.0419
2025-01-09,F11005,稳健纯债C,1.0407
2025-01-10,F11005,稳健纯债C,1.0383
2025-01-13,F11005,稳健纯债C,1.0379
2025-01-14,F11005,稳健纯债C,1.0383
2025-01-15,F11005,稳健纯债C,1.0347
2025-01-16,F11005,稳健纯债C,1.0361
2025-01-17,F11005,稳健纯债C,1.039
2025-01-20,F11005,稳健纯债C,1.0333
2025-01-21,F11005,稳健纯债C,1.0311
2025-01-22,F11005,稳健纯债C,1.0345
2025-01-23,F11005,稳健纯债C,1.0356
2025-01-24,F11005,稳健纯债C,1.0335
2025-01-27,F11005,稳健纯债C,1.0355
2025-01-28,F11005,稳健纯债C,1.0341
2025-01-29,F11005,稳健纯债C,1.0336
2025-01-30,F11005,稳健纯债C,1.0308
2025-01-31,F11005,稳健纯债C,1.031
2025-02-03,F11005,稳健纯债C,1.0338
2025-02-04,F11005,稳健纯债C,1.0327
2025-02-05,F11005,稳健纯债C,1.0345
2025-02-06,F11005,稳健纯债C,1.0345
2025-02-07,F11005,稳健纯债C,1.0375
2025-02-10,F11005,稳健纯债C,1.0364
2025-02-11,F11005,稳健纯债C,1.0406
2025-02-12,F11005,稳健纯债C,1.0426
2025-02-13,F11005,稳健纯债C,1.0434
2025-02-14,F11005,稳健纯债C,1.0442
2025-02-17,F11005,稳健纯债C,1.0432
2025-02-18,F11005,稳健纯债C,1.0419
2025-02-19,F11005,稳健纯债C,1.0427
2025-02-20,F11005,稳健纯债C,1.0397
2025-02-21,F11005,稳健纯债C,1.0383
2025-02-24,F11005,稳健纯债C,1.036
2025-02-25,F11005,稳健纯债C,1.0376
2025-02-26,F11005,稳健纯债C,1.0393
2025-02-27,F11005,稳健纯债C,1.0428
2025-02-28,F11005,稳健纯债C,1.042
2025-03-03,F11005,稳健纯债C,1.0401
2025-03-04,F11005,稳健纯债C,1.0363
2025-03-05,F11005,稳健纯债C,1.0372
2025-03-06,F11005,稳健纯债C,1.041
2025-03-07,F11005,稳健纯债C,1.041
2025-03-10,F11005,稳健纯债C,1.0412
2025-03-11,F11005,稳健纯债C,1.0413
2025-03-12,F11005,稳健纯债C,1.0421
2025-03-13,F11005,稳健纯债C,1.0449
2025-03-14,F11005,稳健纯债C,1.0501
2025-03-17,F11005,稳健纯债C,1.0516
2025-03-18,F11005,稳健纯债C,1.0532
2025-03-19,F11005,稳健纯债C,1.0527
2025-03-20,F11005,稳健纯债C,1.0526
2025-03-21,F11005,稳健纯债C,1.0524
2025-03-24,F11005,稳健纯债C,1.0516
2025-03-25,F11005,稳健纯债C,1.0521
2025-03-26,F11005,稳健纯债C,1.0539
2025-03-27,F11005,稳健纯债C,1.0542
2025-03-28,F11005,稳健纯债C,1.0536
2025-03-31,F11005,稳健纯债C,1.0541
2025-04-01,F11005,稳健纯债C,1.0516
2025-04-02,F11005,稳健纯债C,1.0539
2025-04-03,F11005,稳健纯债C,1.053
2025-04-04,F11005,稳健纯债C,1.05
2025-04-07,F11005,稳健纯债C,1.0514
2025-04-08,F11005,稳健纯债C,1.0529
2025-04-09,F11005,稳健纯债C,1.0508
2025-04-10,F11005,稳健纯债C,1.0526
2025-04-11,F11005,稳健纯债C,1.0544
2025-04-14,F11005,稳健纯债C,1.0598
2025-04-15,F11005,稳健纯债C,1.0594
2025-04-16,F11005,稳健纯债C,1.0593
2025-04-17,F11005,稳健纯债C,1.0579
2025-04-18,F11005,稳健纯债C,1.0593
2025-04-21,F11005,稳健纯债C,1.0595
2025-04-22,F11005,稳健纯债C,1.0623
2025-04-23,F11005,稳健纯债C,1.0612
2025-04-24,F11005,稳健纯债C,1.0627
2025-04-25,F11005,稳健纯债C,1.0622
2025-04-28,F11005,稳健纯债C,1.0574
2025-04-29,F11005,稳健纯债C,1.0592
2025-04-30,F11005,稳健纯债C,1.0547
2025-05-01,F11005,稳健纯债C,1.0544
2025-05-02,F11005,稳健纯债C,1.0541
2025-05-05,F11005,稳健纯债C,1.0543
2025-05-06,F11005,稳健纯债C,1.0545
2025-05-07,F11005,稳健纯债C,1.0548
2025-05-08,F11005,稳健纯债C,1.0559
2025-05-09,F11005,稳健纯债C,1.0557
2025-05-12,F11005,稳健纯债C,1.0629
2025-05-13,F11005,稳健纯债C,1.0621
2025-05-14,F11005,稳健纯债C,1.059
2025-05-15,F11005,稳健纯债C,1.0554
2025-05-16,F11005,稳健纯债C,1.0573
2025-05-19,F11005,稳健纯债C,1.0532
2025-05-20,F11005,稳健纯债C,1.0501
2025-05-21,F11005,稳健纯债C,1.0466
2025-05-22,F11005,稳健纯债C,1.048
2025-05-23,F11005,稳健纯债C,1.0517
2025-05-26,F11005,稳健纯债C,1.0493
2025-05-27,F11005,稳健纯债C,1.0506
2025-05-28,F11005,稳健纯债C,1.0437
2025-05-29,F11005,稳健纯债C,1.0419
2025-05-30,F11005,稳健纯债C,1.0436
2025-06-02,F11005,稳健纯债C,1.043
2025-06-03,F11005,稳健纯债C,1.0457
2025-06-04,F11005,稳健纯债C,1.04
2025-06-05,F11005,稳健纯债C,1.0382
2025-06-06,F11005,稳健纯债C,1.0395
2025-06-09,F11005,稳健纯债C,1.0408
2025-06-10,F11005,稳健纯债C,1.0423
2025-06-11,F11005,稳健纯债C,1.043
2025-06-12,F11005,稳健纯债C,1.0401
2025-06-13,F11005,稳健纯债C,1.0382
2025-06-16,F11005,稳健纯债C,1.0445
2025-06-17,F11005,稳健纯债C,1.0413
2025-06-18,F11005,稳健纯债C,1.0377
2025-06-19,F11005,稳健纯债C,1.0397
2025-06-20,F11005,稳健纯债C,1.037
2025-06-23,F11005,稳健纯债C,1.0419
2025-06-24,F11005,稳健纯债C,1.0492
2025-06-25,F11005,稳健纯债C,1.0487
2025-06-26,F11005,稳健纯债C,1.0497
2025-06-27,F11005,稳健纯债C,1.045
2025-06-30,F11005,稳健纯债C,1.0479
2025-07-01,F11005,稳健纯债C,1.0421
2025-07-02,F11005,稳健纯债C,1.0387
2025-07-03,F11005,稳健纯债C,1.0392
2025-07-04,F11005,稳健纯债C,1.0408
2025-07-07,F11005,稳健纯债C,1.037
2025-07-08,F11005,稳健纯债C,1.0357
2025-07-09,F11005,稳健纯债C,1.0315
2025-07-10,F11005,稳健纯债C,1.0308
2025-07-11,F11005,稳健纯债C,1.0289
2025-07-14,F11005,稳健纯债C,1.0274
2025-07-15,F11005,稳健纯债C,1.0292
2025-07-16,F11005,稳健纯债C,1.0301
2025-07-17,F11005,稳健纯债C,1.0317
2025-07-18,F11005,稳健纯债C,1.0315
2025-07-21,F11005,稳健纯债C,1.0335
2025-07-22,F11005,稳健纯债C,1.0336
2025-07-23,F11005,稳健纯债C,1.0324
2025-07-24,F11005,稳健纯债C,1.0341
2025-07-25,F11005,稳健纯债C,1.0331
2025-07-28,F11005,稳健纯债C,1.0324
2025-07-29,F11005,稳健纯债C,1.0353
2025-07-30,F11005,稳健纯债C,1.038
2025-07-31,F11005,稳健纯债C,1.0374
2025-08-01,F11005,稳健纯债C,1.0398
2025-08-04,F11005,稳健纯债C,1.0366
2025-08-05,F11005,稳健纯债C,1.036
2025-08-06,F11005,稳健纯债C,1.0341
2025-08-07,F11005,稳健纯债C,1.0343
2025-08-08,F11005,稳健纯债C,1.0363
2025-08-11,F11005,稳健纯债C,1.0379
2025-08-12,F11005,稳健纯债C,1.0392
2025-08-13,F11005,稳健纯债C,1.0397
2025-08-14,F11005,稳健纯债C,1.0394
2025-08-15,F11005,稳健纯债C,1.0427
2025-08-18,F11005,稳健纯债C,1.0388
2025-08-19,F11005,稳健纯债C,1.0372
2025-08-20,F11005,稳健纯债C,1.0384
2025-08-21,F11005,稳健纯债C,1.0426
2025-08-22,F11005,稳健纯债C,1.0418
2025-08-25,F11005,稳健纯债C,1.0413
2025-08-26,F11005,稳健纯债C,1.038
2025-08-27,F11005,稳健纯债C,1.0367
2025-08-28,F11005,稳健纯债C,1.0387
2025-08-29,F11005,稳健纯债C,1.043
2025-09-01,F11005,稳健纯债C,1.0424
2025-09-02,F11005,稳健纯债C,1.0404
2025-09-03,F11005,稳健纯债C,1.0408
2025-09-04,F11005,稳健纯债C,1.0367
2025-09-05,F11005,稳健纯债C,1.04
2025-09-08,F11005,稳健纯债C,1.037
2025-09-09,F11005,稳健纯债C,1.0379
2025-09-10,F11005,稳健纯债C,1.0388
2025-09-11,F11005,稳健纯债C,1.0406
2025-09-12,F11005,稳健纯债C,1.0415
2025-09-15,F11005,稳健纯债C,1.0416
2025-09-16,F11005,稳健纯债C,1.0429
2025-09-17,F11005,稳健纯债C,1.0452
2025-09-18,F11005,稳健纯债C,1.0501
2025-09-19,F11005,稳健纯债C,1.0473
2025-09-22,F11005,稳健纯债C,1.0426
2025-09-23,F11005,稳健纯债C,1.0387
2025-09-24,F11005,稳健纯债C,1.0341
2025-09-25,F11005,稳健纯债C,1.0311
2025-09-26,F11005,稳健纯债C,1.0278
2025-09-29,F11005,稳健纯债C,1.0268
2025-09-30,F11005,稳健纯债C,1.0292
2025-10-01,F11005,稳健纯债C,1.031
2025-10-02,F11005,稳健纯债C,1.0295
2025-10-03,F11005,稳健纯债C,1.0282
2025-10-06,F11005,稳健纯债C,1.0336
2025-10-07,F11005,稳健纯债C,1.0353
2025-10-08,F11005,稳健纯债C,1.0359
2025-10-09,F11005,稳健纯债C,1.0364
2025-10-10,F11005,稳健纯债C,1.0358
2025-10-13,F11005,稳健纯债C,1.0412
2025-10-14,F11005,稳健纯债C,1.0408
2025-10-15,F11005,稳健纯债C,1.0413
2025-10-16,F11005,稳健纯债C,1.0372
2025-10-17,F11005,稳健纯债C,1.0356
2025-10-20,F11005,稳健纯债C,1.0343
2025-10-21,F11005,稳健纯债C,1.0357
2025-10-22,F11005,稳健纯债C,1.0339
2025-10-23,F11005,稳健纯债C,1.0341
2025-10-24,F11005,稳健纯债C,1.0327
2025-10-27,F11005,稳健纯债C,1.0299
2025-10-28,F11005,稳健纯债C,1.0271
2025-10-29,F11005,稳健纯债C,1.0268
2025-10-30,F11005,稳健纯债C,1.0272
2025-10-31,F11005,稳健纯债C,1.0269
2025-11-03,F11005,稳健纯债C,1.0248
2025-11-04,F11005,稳健纯债C,1.0246
2025-11-05,F11005,稳健纯债C,1.0239
2025-11-06,F11005,稳健纯债C,1.0214
2025-11-07,F11005,稳健纯债C,1.0217
2025-11-10,F11005,稳健纯债C,1.0265
2025-11-11,F11005,稳健纯债C,1.0263
2025-11-12,F11005,稳健纯债C,1.0227
2025-11-13,F11005,稳健纯债C,1.0266
2025-11-14,F11005,稳健纯债C,1.03
2025-11-17,F11005,稳健纯债C,1.0339
2025-11-18,F11005,稳健纯债C,1.0339
2025-11-19,F11005,稳健纯债C,1.032
2025-11-20,F11005,稳健纯债C,1.0298
2025-11-21,F11005,稳健纯债C,1.0329
2025-11-24,F11005,稳健纯债C,1.0373
2025-11-25,F11005,稳健纯债C,1.035
2025-11-26,F11005,稳健纯债C,1.0286
2025-11-27,F11005,稳健纯债C,1.0287
2025-11-28,F11005,稳健纯债C,1.0265
2025-12-01,F11005,稳健纯债C,1.0248
2025-12-02,F11005,稳健纯债C,1.0243
2025-12-03,F11005,稳健纯债C,1.0255
2025-12-04,F11005,稳健纯债C,1.0236
2025-12-05,F11005,稳健纯债C,1.0241
2025-12-08,F11005,稳健纯债C,1.0239
2025-12-09,F11005,稳健纯债C,1.0181
2025-12-10,F11005,稳健纯债C,1.0197
2025-12-11,F11005,稳健纯债C,1.0186
2025-12-12,F11005,稳健纯债C,1.0155
2025-12-15,F11005,稳健纯债C,1.0138
2025-12-16,F11005,稳健纯债C,1.0145
2025-12-17,F11005,稳健纯债C,1.0147
2025-12-18,F11005,稳健纯债C,1.0165
2025-12-19,F11005,稳健纯债C,1.0178
2025-12-22,F11005,稳健纯债C,1.0149
2025-12-23,F11005,稳健纯债C,1.0075
2025-12-24,F11005,稳健纯债C,1.0079
2025-12-25,F11005,稳健纯债C,1.0097
2025-12-26,F11005,稳健纯债C,1.0093
2025-12-29,F11005,稳健纯债C,1.0111
2025-12-30,F11005,稳健纯债C,1.0087
2025-12-31,F11005,稳健纯债C,1.008
2026-01-01,F11005,稳健纯债C,1.0057
2026-01-02,F11005,稳健纯债C,1.0077
2026-01-05,F11005,稳健纯债C,1.0055
2026-01-06,F11005,稳健纯债C,1.0109
2026-01-07,F11005,稳健纯债C,1.0097
2026-01-08,F11005,稳健纯债C,1.0119
2026-01-09,F11005,稳健纯债C,1.0108
2026-01-12,F11005,稳健纯债C,1.0144
2026-01-13,F11005,稳健纯债C,1.0178
2026-01-14,F11005,稳健纯债C,1.0171
2026-01-15,F11005,稳健纯债C,1.018
2026-01-16,F11005,稳健纯债C,1.0214
2026-01-19,F11005,稳健纯债C,1.0223
2026-01-20,F11005,稳健纯债C,1.0201
2026-01-21,F11005,稳健纯债C,1.0204
2026-01-22,F11005,稳健纯债C,1.0186
2026-01-23,F11005,稳健纯债C,1.0192
2026-01-26,F11005,稳健纯债C,1.0173
2026-01-27,F11005,稳健纯债C,1.0184
2026-01-28,F11005,稳健纯债C,1.0139
2026-01-29,F11005,稳健纯债C,1.0112
2026-01-30,F11005,稳健纯债C,1.0093
2026-02-02,F11005,稳健纯债C,1.009
2026-02-03,F11005,稳健纯债C,1.0053
2026-02-04,F11005,稳健纯债C,1.0032
2026-02-05,F11005,稳健纯债C,1.0053
2026-02-06,F11005,稳健纯债C,1.0077
2026-02-09,F11005,稳健纯债C,1.0014
2026-02-10,F11005,稳健纯债C,1.0001
2026-02-11,F11005,稳健纯债C,1.0034
2026-02-12,F11005,稳健纯债C,1.0046
2026-02-13,F11005,稳健纯债C,1.0057
2026-02-16,F11005,稳健纯债C,1.0073
2026-02-17,F11005,稳健纯债C,1.005
2026-02-18,F11005,稳健纯债C,1.0057
2026-02-19,F11005,稳健纯债C,1.007
2026-02-20,F11005,稳健纯债C,1.0074
2026-02-23,F11005,稳健纯债C,1.0066
2026-02-24,F11005,稳健纯债C,1.0066
2026-02-25,F11005,稳健纯债C,1.0038
2026-02-26,F11005,稳健纯债C,1.0055
2026-02-27,F11005,稳健纯债C,1.002
2026-03-02,F11005,稳健纯债C,1.0001
2026-03-03,F11005,稳健纯债C,1.002
2026-03-04,F11005,稳健纯债C,1.0028
2026-03-05,F11005,稳健纯债C,1.0017
2026-03-06,F11005,稳健纯债C,0.9975
2026-03-09,F11005,稳健纯债C,0.9976
2026-03-10,F11005,稳健纯债C,0.9961
2026-03-11,F11005,稳健纯债C,0.9975
2026-03-12,F11005,稳健纯债C,0.9963
2026-03-13,F11005,稳健纯债C,0.992
2026-03-16,F11005,稳健纯债C,0.9887
2026-03-17,F11005,稳健纯债C,0.9878
2026-03-18,F11005,稳健纯债C,0.9882
2026-03-19,F11005,稳健纯债C,0.9854
2026-03-20,F11005,稳健纯债C,0.9836
2026-03-23,F11005,稳健纯债C,0.9857
2026-03-24,F11005,稳健纯债C,0.9887
2026-03-25,F11005,稳健纯债C,0.9895
2026-03-26,F11005,稳健纯债C,0.9889
2026-03-27,F11005,稳健纯债C,0.9875
2026-03-30,F11005,稳健纯债C,0.989
2026-03-31,F11005,稳健纯债C,0.9883
2026-04-01,F11005,稳健纯债C,0.9908
2026-04-02,F11005,稳健纯债C,0.9933
2026-04-03,F11005,稳健纯债C,0.9945
2026-04-06,F11005,稳健纯债C,0.9934
2026-04-07,F11005,稳健纯债C,0.9925
2026-04-08,F11005,稳健纯债C,0.9885
2026-04-09,F11005,稳健纯债C,0.9885
2026-04-10,F11005,稳健纯债C,0.9884
2026-04-13,F11005,稳健纯债C,0.9851
2026-04-14,F11005,稳健纯债C,0.9911
2026-04-15,F11005,稳健纯债C,0.9927
2026-04-16,F11005,稳健纯债C,0.9907
2026-04-17,F11005,稳健纯债C,0.996
2026-04-20,F11005,稳健纯债C,0.9949
2026-04-21,F11005,稳健纯债C,0.9971
2026-04-22,F11005,稳健纯债C,0.9975
2026-04-23,F11005,稳健纯债C,0.9965
2026-04-24,F11005,稳健纯债C,0.9957
2026-04-27,F11005,稳健纯债C,0.9995
2026-04-28,F11005,稳健纯债C,1.0019
2026-04-29,F11005,稳健纯债C,1.0017
2026-04-30,F11005,稳健纯债C,0.9966
2026-05-01,F11005,稳健纯债C,0.9975
2026-05-04,F11005,稳健纯债C,0.9945
2026-05-05,F11005,稳健纯债C,0.996
2026-05-06,F11005,稳健纯债C,0.9944
2026-05-07,F11005,稳健纯债C,0.993
2026-05-08,F11005,稳健纯债C,0.9915
2026-05-11,F11005,稳健纯债C,0.9942
2026-05-12,F11005,稳健纯债C,0.9899
2026-05-13,F11005,稳健纯债C,0.9919
2026-05-14,F11005,稳健纯债C,0.9929
2026-05-15,F11005,稳健纯债C,0.9928
2026-05-18,F11005,稳健纯债C,0.9919
2026-05-19,F11005,稳健纯债C,0.9932
2026-05-20,F11005,稳健纯债C,0.9922
2026-05-21,F11005,稳健纯债C,0.9912
2026-05-22,F11005,稳健纯债C,0.9915
2026-05-25,F11005,稳健纯债C,0.996
2026-05-26,F11005,稳健纯债C,0.9923
2026-05-27,F11005,稳健纯债C,0.9937
2026-05-28,F11005,稳健纯债C,0.9935
2026-05-29,F11005,稳健纯债C,0.9931
2026-06-01,F11005,稳健纯债C,0.9894
2026-06-02,F11005,稳健纯债C,0.9851
2026-06-03,F11005,稳健纯债C,0.9861
2026-06-04,F11005,稳健纯债C,0.9831
2026-06-05,F11005,稳健纯债C,0.9858
2026-06-08,F11005,稳健纯债C,0.9834
2026-06-09,F11005,稳健纯债C,0.9849
2026-06-10,F11005,稳健纯债C,0.9836
2026-06-11,F11005,稳健纯债C,0.9822
2026-06-12,F11005,稳健纯债C,0.98
2026-06-15,F11005,稳健纯债C,0.9812
2026-06-16,F11005,稳健纯债C,0.9832
2026-06-17,F11005,稳健纯债C,0.9825
2026-06-18,F11005,稳健纯债C,0.9841
2026-06-19,F11005,稳健纯债C,0.9843
2026-06-22,F11005,稳健纯债C,0.9811
2026-06-23,F11005,稳健纯债C,0.9822
2026-06-24,F11005,稳健纯债C,0.9816
2026-06-25,F11005,稳健纯债C,0.9752
2026-06-26,F11005,稳健纯债C,0.9744
2026-06-29,F11005,稳健纯债C,0.9704
2026-06-30,F11005,稳健纯债C,0.9675
2026-07-01,F11005,稳健纯债C,0.967
2026-07-02,F11005,稳健纯债C,0.9669
2026-07-03,F11005,稳健纯债C,0.965
2026-07-06,F11005,稳健纯债C,0.9665
2026-07-07,F11005,稳健纯债C,0.9663
2026-07-08,F11005,稳健纯债C,0.9654
2026-07-09,F11005,稳健纯债C,0.9656
2026-07-10,F11005,稳健纯债C,0.9687
2026-07-13,F11005,稳健纯债C,0.9636
2026-07-14,F11005,稳健纯债C,0.9669
2026-07-15,F11005,稳健纯债C,0.9655
2026-07-16,F11005,稳健纯债C,0.9638
2026-07-17,F11005,稳健纯债C,0.9629
2026-07-20,F11005,稳健纯债C,0.9609
2026-07-21,F11005,稳健纯债C,0.9585
2026-07-22,F11005,稳健纯债C,0.9607
2026-07-23,F11005,稳健纯债C,0.9612
2026-07-24,F11005,稳健纯债C,0.9567
2026-07-27,F11005,稳健纯债C,0.9584
2026-07-28,F11005,稳健纯债C,0.9599
2026-07-29,F11005,稳健纯债C,0.9564
2026-07-30,F11005,稳健纯债C,0.957
2026-07-31,F11005,稳健纯债C,0.9586
2026-08-03,F11005,稳健纯债C,0.9548
2026-08-04,F11005,稳健纯债C,0.9557
2026-08-05,F11005,稳健纯债C,0.9542
2026-08-06,F11005,稳健纯债C,0.9556
2026-08-07,F11005,稳健纯债C,0.9535
2026-08-10,F11005,稳健纯债C,0.9561
2026-08-11,F11005,稳健纯债C,0.9557
2026-08-12,F11005,稳健纯债C,0.9543
2026-08-13,F11005,稳健纯债C,0.9527
2026-08-14,F11005,稳健纯债C,0.9549
2026-08-17,F11005,稳健纯债C,0.9533
2026-08-18,F11005,稳健纯债C,0.956
2026-08-19,F11005,稳健纯债C,0.9567
2026-08-20,F11005,稳健纯债C,0.9534
2026-08-21,F11005,稳健纯债C,0.9536
2026-08-24,F11005,稳健纯债C,0.9539
2026-08-25,F11005,稳健纯债C,0.9506
2026-08-26,F11005,稳健纯债C,0.9507
2026-08-27,F11005,稳健纯债C,0.9522
2026-08-28,F11005,稳健纯债C,0.955
2026-08-31,F11005,稳健纯债C,0.9578
2023-09-01,F77012,全球科技先锋,1.0436
2023-09-04,F77012,全球科技先锋,1.0439
2023-09-05,F77012,全球科技先锋,1.0545
2023-09-06,F77012,全球科技先锋,1.0436
2023-09-07,F77012,全球科技先锋,1.0794
2023-09-08,F77012,全球科技先锋,1.0628
2023-09-11,F77012,全球科技先锋,1.0984
2023-09-12,F77012,全球科技先锋,1.1325
2023-09-13,F77012,全球科技先锋,1.1172
2023-09-14,F77012,全球科技先锋,1.1383
2023-09-15,F77012,全球科技先锋,1.1479
2023-09-18,F77012,全球科技先锋,1.1399
2023-09-19,F77012,全球科技先锋,1.1376
2023-09-20,F77012,全球科技先锋,1.1433
2023-09-21,F77012,全球科技先锋,1.151
2023-09-22,F77012,全球科技先锋,1.1822
2023-09-25,F77012,全球科技先锋,1.1946
2023-09-26,F77012,全球科技先锋,1.1788
2023-09-27,F77012,全球科技先锋,1.1949
2023-09-28,F77012,全球科技先锋,1.1588
2023-09-29,F77012,全球科技先锋,1.1513
2023-10-02,F77012,全球科技先锋,1.1458
2023-10-03,F77012,全球科技先锋,1.1596
2023-10-04,F77012,全球科技先锋,1.1969
2023-10-05,F77012,全球科技先锋,1.2019
2023-10-06,F77012,全球科技先锋,1.1946
2023-10-09,F77012,全球科技先锋,1.1803
2023-10-10,F77012,全球科技先锋,1.1983
2023-10-11,F77012,全球科技先锋,1.1945
2023-10-12,F77012,全球科技先锋,1.1843
2023-10-13,F77012,全球科技先锋,1.2048
2023-10-16,F77012,全球科技先锋,1.2304
2023-10-17,F77012,全球科技先锋,1.2101
2023-10-18,F77012,全球科技先锋,1.1788
2023-10-19,F77012,全球科技先锋,1.1772
2023-10-20,F77012,全球科技先锋,1.154
2023-10-23,F77012,全球科技先锋,1.1286
2023-10-24,F77012,全球科技先锋,1.1083
2023-10-25,F77012,全球科技先锋,1.1294
2023-10-26,F77012,全球科技先锋,1.1429
2023-10-27,F77012,全球科技先锋,1.1941
2023-10-30,F77012,全球科技先锋,1.181
2023-10-31,F77012,全球科技先锋,1.2095
2023-11-01,F77012,全球科技先锋,1.2205
2023-11-02,F77012,全球科技先锋,1.209
2023-11-03,F77012,全球科技先锋,1.2062
2023-11-06,F77012,全球科技先锋,1.1947
2023-11-07,F77012,全球科技先锋,1.2005
2023-11-08,F77012,全球科技先锋,1.2221
2023-11-09,F77012,全球科技先锋,1.2145
2023-11-10,F77012,全球科技先锋,1.2333
2023-11-13,F77012,全球科技先锋,1.2618
2023-11-14,F77012,全球科技先锋,1.2961
2023-11-15,F77012,全球科技先锋,1.2698
2023-11-16,F77012,全球科技先锋,1.2691
2023-11-17,F77012,全球科技先锋,1.2856
2023-11-20,F77012,全球科技先锋,1.2615
2023-11-21,F77012,全球科技先锋,1.233
2023-11-22,F77012,全球科技先锋,1.2328
2023-11-23,F77012,全球科技先锋,1.2242
2023-11-24,F77012,全球科技先锋,1.2209
2023-11-27,F77012,全球科技先锋,1.2111
2023-11-28,F77012,全球科技先锋,1.2587
2023-11-29,F77012,全球科技先锋,1.2489
2023-11-30,F77012,全球科技先锋,1.2623
2023-12-01,F77012,全球科技先锋,1.2744
2023-12-04,F77012,全球科技先锋,1.2372
2023-12-05,F77012,全球科技先锋,1.2702
2023-12-06,F77012,全球科技先锋,1.2848
2023-12-07,F77012,全球科技先锋,1.2888
2023-12-08,F77012,全球科技先锋,1.3135
2023-12-11,F77012,全球科技先锋,1.3129
2023-12-12,F77012,全球科技先锋,1.3339
2023-12-13,F77012,全球科技先锋,1.2908
2023-12-14,F77012,全球科技先锋,1.31
2023-12-15,F77012,全球科技先锋,1.3147
2023-12-18,F77012,全球科技先锋,1.3198
2023-12-19,F77012,全球科技先锋,1.3007
2023-12-20,F77012,全球科技先锋,1.2961
2023-12-21,F77012,全球科技先锋,1.2908
2023-12-22,F77012,全球科技先锋,1.2654
2023-12-25,F77012,全球科技先锋,1.2739
2023-12-26,F77012,全球科技先锋,1.3103
2023-12-27,F77012,全球科技先锋,1.2781
2023-12-28,F77012,全球科技先锋,1.2897
2023-12-29,F77012,全球科技先锋,1.2806
2024-01-01,F77012,全球科技先锋,1.2689
2024-01-02,F77012,全球科技先锋,1.271
2024-01-03,F77012,全球科技先锋,1.2734
2024-01-04,F77012,全球科技先锋,1.278
2024-01-05,F77012,全球科技先锋,1.253
2024-01-08,F77012,全球科技先锋,1.2779
2024-01-09,F77012,全球科技先锋,1.2801
2024-01-10,F77012,全球科技先锋,1.2941
2024-01-11,F77012,全球科技先锋,1.3226
2024-01-12,F77012,全球科技先锋,1.2788
2024-01-15,F77012,全球科技先锋,1.2936
2024-01-16,F77012,全球科技先锋,1.2903
2024-01-17,F77012,全球科技先锋,1.3142
2024-01-18,F77012,全球科技先锋,1.2961
2024-01-19,F77012,全球科技先锋,1.3181
2024-01-22,F77012,全球科技先锋,1.2942
2024-01-23,F77012,全球科技先锋,1.3038
2024-01-24,F77012,全球科技先锋,1.3108
2024-01-25,F77012,全球科技先锋,1.3077
2024-01-26,F77012,全球科技先锋,1.2844
2024-01-29,F77012,全球科技先锋,1.2764
2024-01-30,F77012,全球科技先锋,1.2979
2024-01-31,F77012,全球科技先锋,1.333
2024-02-01,F77012,全球科技先锋,1.3804
2024-02-02,F77012,全球科技先锋,1.3937
2024-02-05,F77012,全球科技先锋,1.4004
2024-02-06,F77012,全球科技先锋,1.4121
2024-02-07,F77012,全球科技先锋,1.4616
2024-02-08,F77012,全球科技先锋,1.4756
2024-02-09,F77012,全球科技先锋,1.4784
2024-02-12,F77012,全球科技先锋,1.4716
2024-02-13,F77012,全球科技先锋,1.468
2024-02-14,F77012,全球科技先锋,1.4785
2024-02-15,F77012,全球科技先锋,1.4594
2024-02-16,F77012,全球科技先锋,1.4438
2024-02-19,F77012,全球科技先锋,1.4426
2024-02-20,F77012,全球科技先锋,1.4316
2024-02-21,F77012,全球科技先锋,1.4473
2024-02-22,F77012,全球科技先锋,1.4651
2024-02-23,F77012,全球科技先锋,1.4724
2024-02-26,F77012,全球科技先锋,1.4857
2024-02-27,F77012,全球科技先锋,1.4893
2024-02-28,F77012,全球科技先锋,1.393
2024-02-29,F77012,全球科技先锋,1.372
2024-03-01,F77012,全球科技先锋,1.3898
2024-03-04,F77012,全球科技先锋,1.3697
2024-03-05,F77012,全球科技先锋,1.3911
2024-03-06,F77012,全球科技先锋,1.4142
2024-03-07,F77012,全球科技先锋,1.408
2024-03-08,F77012,全球科技先锋,1.3938
2024-03-11,F77012,全球科技先锋,1.3945
2024-03-12,F77012,全球科技先锋,1.3939
2024-03-13,F77012,全球科技先锋,1.4099
2024-03-14,F77012,全球科技先锋,1.3531
2024-03-15,F77012,全球科技先锋,1.336
2024-03-18,F77012,全球科技先锋,1.3127
2024-03-19,F77012,全球科技先锋,1.2559
2024-03-20,F77012,全球科技先锋,1.2453
2024-03-21,F77012,全球科技先锋,1.2131
2024-03-22,F77012,全球科技先锋,1.2051
2024-03-25,F77012,全球科技先锋,1.1952
2024-03-26,F77012,全球科技先锋,1.2052
2024-03-27,F77012,全球科技先锋,1.2003
2024-03-28,F77012,全球科技先锋,1.1652
2024-03-29,F77012,全球科技先锋,1.1728
2024-04-01,F77012,全球科技先锋,1.2245
2024-04-02,F77012,全球科技先锋,1.2484
2024-04-03,F77012,全球科技先锋,1.264
2024-04-04,F77012,全球科技先锋,1.26
2024-04-05,F77012,全球科技先锋,1.2495
2024-04-08,F77012,全球科技先锋,1.2376
2024-04-09,F77012,全球科技先锋,1.2432
2024-04-10,F77012,全球科技先锋,1.2189
2024-04-11,F77012,全球科技先锋,1.224
2024-04-12,F77012,全球科技先锋,1.2101
2024-04-15,F77012,全球科技先锋,1.1743
2024-04-16,F77012,全球科技先锋,1.1607
2024-04-17,F77012,全球科技先锋,1.1871
2024-04-18,F77012,全球科技先锋,1.1904
2024-04-19,F77012,全球科技先锋,1.1182
2024-04-22,F77012,全球科技先锋,1.1053
2024-04-23,F77012,全球科技先锋,1.1234
2024-04-24,F77012,全球科技先锋,1.1179
2024-04-25,F77012,全球科技先锋,1.1287
2024-04-26,F77012,全球科技先锋,1.1211
2024-04-29,F77012,全球科技先锋,1.1252
2024-04-30,F77012,全球科技先锋,1.1262
2024-05-01,F77012,全球科技先锋,1.1138
2024-05-02,F77012,全球科技先锋,1.1255
2024-05-03,F77012,全球科技先锋,1.1568
2024-05-06,F77012,全球科技先锋,1.1651
2024-05-07,F77012,全球科技先锋,1.1676
2024-05-08,F77012,全球科技先锋,1.1507
2024-05-09,F77012,全球科技先锋,1.1703
2024-05-10,F77012,全球科技先锋,1.1602
2024-05-13,F77012,全球科技先锋,1.1721
2024-05-14,F77012,全球科技先锋,1.1884
2024-05-15,F77012,全球科技先锋,1.2098
2024-05-16,F77012,全球科技先锋,1.2319
2024-05-17,F77012,全球科技先锋,1.2537
2024-05-20,F77012,全球科技先锋,1.2265
2024-05-21,F77012,全球科技先锋,1.2084
2024-05-22,F77012,全球科技先锋,1.1797
2024-05-23,F77012,全球科技先锋,1.1504
2024-05-24,F77012,全球科技先锋,1.1823
2024-05-27,F77012,全球科技先锋,1.1622
2024-05-28,F77012,全球科技先锋,1.1396
2024-05-29,F77012,全球科技先锋,1.1388
2024-05-30,F77012,全球科技先锋,1.1243
2024-05-31,F77012,全球科技先锋,1.1706
2024-06-03,F77012,全球科技先锋,1.1653
2024-06-04,F77012,全球科技先锋,1.1749
2024-06-05,F77012,全球科技先锋,1.1592
2024-06-06,F77012,全球科技先锋,1.1259
2024-06-07,F77012,全球科技先锋,1.1118
2024-06-10,F77012,全球科技先锋,1.0981
2024-06-11,F77012,全球科技先锋,1.0845
2024-06-12,F77012,全球科技先锋,1.0545
2024-06-13,F77012,全球科技先锋,1.0574
2024-06-14,F77012,全球科技先锋,1.0515
2024-06-17,F77012,全球科技先锋,1.0235
2024-06-18,F77012,全球科技先锋,1.0257
2024-06-19,F77012,全球科技先锋,1.04
2024-06-20,F77012,全球科技先锋,1.0626
2024-06-21,F77012,全球科技先锋,1.0184
2024-06-24,F77012,全球科技先锋,1.0056
2024-06-25,F77012,全球科技先锋,0.9818
2024-06-26,F77012,全球科技先锋,0.9708
2024-06-27,F77012,全球科技先锋,0.9953
2024-06-28,F77012,全球科技先锋,0.9829
2024-07-01,F77012,全球科技先锋,0.975
2024-07-02,F77012,全球科技先锋,0.9611
2024-07-03,F77012,全球科技先锋,0.9895
2024-07-04,F77012,全球科技先锋,0.9503
2024-07-05,F77012,全球科技先锋,0.9413
2024-07-08,F77012,全球科技先锋,0.9273
2024-07-09,F77012,全球科技先锋,0.8997
2024-07-10,F77012,全球科技先锋,0.9178
2024-07-11,F77012,全球科技先锋,0.8892
2024-07-12,F77012,全球科技先锋,0.8823
2024-07-15,F77012,全球科技先锋,0.8813
2024-07-16,F77012,全球科技先锋,0.87
2024-07-17,F77012,全球科技先锋,0.8439
2024-07-18,F77012,全球科技先锋,0.8417
2024-07-19,F77012,全球科技先锋,0.8307
2024-07-22,F77012,全球科技先锋,0.843
2024-07-23,F77012,全球科技先锋,0.851
2024-07-24,F77012,全球科技先锋,0.8811
2024-07-25,F77012,全球科技先锋,0.8831
2024-07-26,F77012,全球科技先锋,0.8926
2024-07-29,F77012,全球科技先锋,0.8872
2024-07-30,F77012,全球科技先锋,0.9148
2024-07-31,F77012,全球科技先锋,0.9153
2024-08-01,F77012,全球科技先锋,0.9139
2024-08-02,F77012,全球科技先锋,0.923
2024-08-05,F77012,全球科技先锋,0.9128
2024-08-06,F77012,全球科技先锋,0.9051
2024-08-07,F77012,全球科技先锋,0.9141
2024-08-08,F77012,全球科技先锋,0.9263
2024-08-09,F77012,全球科技先锋,0.9365
2024-08-12,F77012,全球科技先锋,0.9354
2024-08-13,F77012,全球科技先锋,0.9402
2024-08-14,F77012,全球科技先锋,0.9567
2024-08-15,F77012,全球科技先锋,0.9386
2024-08-16,F77012,全球科技先锋,0.9389
2024-08-19,F77012,全球科技先锋,0.8921
2024-08-20,F77012,全球科技先锋,0.9041
2024-08-21,F77012,全球科技先锋,0.892
2024-08-22,F77012,全球科技先锋,0.8804
2024-08-23,F77012,全球科技先锋,0.8788
2024-08-26,F77012,全球科技先锋,0.8887
2024-08-27,F77012,全球科技先锋,0.9275
2024-08-28,F77012,全球科技先锋,0.9026
2024-08-29,F77012,全球科技先锋,0.8894
2024-08-30,F77012,全球科技先锋,0.8933
2024-09-02,F77012,全球科技先锋,0.8822
2024-09-03,F77012,全球科技先锋,0.8956
2024-09-04,F77012,全球科技先锋,0.8933
2024-09-05,F77012,全球科技先锋,0.9077
2024-09-06,F77012,全球科技先锋,0.904
2024-09-09,F77012,全球科技先锋,0.913
2024-09-10,F77012,全球科技先锋,0.898
2024-09-11,F77012,全球科技先锋,0.9296
2024-09-12,F77012,全球科技先锋,0.9024
2024-09-13,F77012,全球科技先锋,0.8914
2024-09-16,F77012,全球科技先锋,0.8696
2024-09-17,F77012,全球科技先锋,0.8822
2024-09-18,F77012,全球科技先锋,0.891
2024-09-19,F77012,全球科技先锋,0.8723
2024-09-20,F77012,全球科技先锋,0.8881
2024-09-23,F77012,全球科技先锋,0.8775
2024-09-24,F77012,全球科技先锋,0.8838
2024-09-25,F77012,全球科技先锋,0.8939
2024-09-26,F77012,全球科技先锋,0.8903
2024-09-27,F77012,全球科技先锋,0.905
2024-09-30,F77012,全球科技先锋,0.903
2024-10-01,F77012,全球科技先锋,0.9088
2024-10-02,F77012,全球科技先锋,0.9046
2024-10-03,F77012,全球科技先锋,0.8755
2024-10-04,F77012,全球科技先锋,0.8739
2024-10-07,F77012,全球科技先锋,0.8607
2024-10-08,F77012,全球科技先锋,0.8825
2024-10-09,F77012,全球科技先锋,0.8617
2024-10-10,F77012,全球科技先锋,0.8809
2024-10-11,F77012,全球科技先锋,0.8784
2024-10-14,F77012,全球科技先锋,0.885
2024-10-15,F77012,全球科技先锋,0.8639
2024-10-16,F77012,全球科技先锋,0.8595
2024-10-17,F77012,全球科技先锋,0.8497
2024-10-18,F77012,全球科技先锋,0.8822
2024-10-21,F77012,全球科技先锋,0.8718
2024-10-22,F77012,全球科技先锋,0.8901
2024-10-23,F77012,全球科技先锋,0.909
2024-10-24,F77012,全球科技先锋,0.9278
2024-10-25,F77012,全球科技先锋,0.9184
2024-10-28,F77012,全球科技先锋,0.9485
2024-10-29,F77012,全球科技先锋,0.9833
2024-10-30,F77012,全球科技先锋,0.99
2024-10-31,F77012,全球科技先锋,0.9822
2024-11-01,F77012,全球科技先锋,0.9676
2024-11-04,F77012,全球科技先锋,0.9761
2024-11-05,F77012,全球科技先锋,0.9775
2024-11-06,F77012,全球科技先锋,0.981
2024-11-07,F77012,全球科技先锋,0.9582
2024-11-08,F77012,全球科技先锋,0.959
2024-11-11,F77012,全球科技先锋,0.979
2024-11-12,F77012,全球科技先锋,0.9935
2024-11-13,F77012,全球科技先锋,0.9866
2024-11-14,F77012,全球科技先锋,0.985
2024-11-15,F77012,全球科技先锋,0.96
2024-11-18,F77012,全球科技先锋,0.9491
2024-11-19,F77012,全球科技先锋,0.9437
2024-11-20,F77012,全球科技先锋,0.9547
2024-11-21,F77012,全球科技先锋,0.9431
2024-11-22,F77012,全球科技先锋,0.9263
2024-11-25,F77012,全球科技先锋,0.9391
2024-11-26,F77012,全球科技先锋,0.9324
2024-11-27,F77012,全球科技先锋,0.9189
2024-11-28,F77012,全球科技先锋,0.9325
2024-11-29,F77012,全球科技先锋,0.9404
2024-12-02,F77012,全球科技先锋,0.9373
2024-12-03,F77012,全球科技先锋,0.9318
2024-12-04,F77012,全球科技先锋,0.9384
2024-12-05,F77012,全球科技先锋,0.9477
2024-12-06,F77012,全球科技先锋,0.9515
2024-12-09,F77012,全球科技先锋,0.9538
2024-12-10,F77012,全球科技先锋,0.944
2024-12-11,F77012,全球科技先锋,0.9352
2024-12-12,F77012,全球科技先锋,0.9326
2024-12-13,F77012,全球科技先锋,0.9172
2024-12-16,F77012,全球科技先锋,0.9001
2024-12-17,F77012,全球科技先锋,0.899
2024-12-18,F77012,全球科技先锋,0.9152
2024-12-19,F77012,全球科技先锋,0.8825
2024-12-20,F77012,全球科技先锋,0.8767
2024-12-23,F77012,全球科技先锋,0.8812
2024-12-24,F77012,全球科技先锋,0.8984
2024-12-25,F77012,全球科技先锋,0.9278
2024-12-26,F77012,全球科技先锋,0.9238
2024-12-27,F77012,全球科技先锋,0.957
2024-12-30,F77012,全球科技先锋,0.965
2024-12-31,F77012,全球科技先锋,0.9794
2025-01-01,F77012,全球科技先锋,0.9614
2025-01-02,F77012,全球科技先锋,0.9695
2025-01-03,F77012,全球科技先锋,0.9854
2025-01-06,F77012,全球科技先锋,0.9737
2025-01-07,F77012,全球科技先锋,0.9301
2025-01-08,F77012,全球科技先锋,0.9329
2025-01-09,F77012,全球科技先锋,0.9296
2025-01-10,F77012,全球科技先锋,0.9523
2025-01-13,F77012,全球科技先锋,0.9436
2025-01-14,F77012,全球科技先锋,0.9322
2025-01-15,F77012,全球科技先锋,0.9133
2025-01-16,F77012,全球科技先锋,0.9035
2025-01-17,F77012,全球科技先锋,0.9475
2025-01-20,F77012,全球科技先锋,0.9215
2025-01-21,F77012,全球科技先锋,0.9003
2025-01-22,F77012,全球科技先锋,0.8997
2025-01-23,F77012,全球科技先锋,0.932
2025-01-24,F77012,全球科技先锋,0.9447
2025-01-27,F77012,全球科技先锋,0.9713
2025-01-28,F77012,全球科技先锋,0.965
2025-01-29,F77012,全球科技先锋,0.9419
2025-01-30,F77012,全球科技先锋,0.9347
2025-01-31,F77012,全球科技先锋,0.9329
2025-02-03,F77012,全球科技先锋,0.9334
2025-02-04,F77012,全球科技先锋,0.9302
2025-02-05,F77012,全球科技先锋,0.9403
2025-02-06,F77012,全球科技先锋,0.9288
2025-02-07,F77012,全球科技先锋,0.914
2025-02-10,F77012,全球科技先锋,0.895
2025-02-11,F77012,全球科技先锋,0.8985
2025-02-12,F77012,全球科技先锋,0.9005
2025-02-13,F77012,全球科技先锋,0.9184
2025-02-14,F77012,全球科技先锋,0.9442
2025-02-17,F77012,全球科技先锋,0.9245
2025-02-18,F77012,全球科技先锋,0.9252
2025-02-19,F77012,全球科技先锋,0.9221
2025-02-20,F77012,全球科技先锋,0.8977
2025-02-21,F77012,全球科技先锋,0.8896
2025-02-24,F77012,全球科技先锋,0.9149
2025-02-25,F77012,全球科技先锋,0.905
2025-02-26,F77012,全球科技先锋,0.8926
2025-02-27,F77012,全球科技先锋,0.892
2025-02-28,F77012,全球科技先锋,0.9069
2025-03-03,F77012,全球科技先锋,0.9023
2025-03-04,F77012,全球科技先锋,0.9046
2025-03-05,F77012,全球科技先锋,0.869
2025-03-06,F77012,全球科技先锋,0.8782
2025-03-07,F77012,全球科技先锋,0.8819
2025-03-10,F77012,全球科技先锋,0.8961
2025-03-11,F77012,全球科技先锋,0.8672
2025-03-12,F77012,全球科技先锋,0.8629
2025-03-13,F77012,全球科技先锋,0.878
2025-03-14,F77012,全球科技先锋,0.8697
2025-03-17,F77012,全球科技先锋,0.8708
2025-03-18,F77012,全球科技先锋,0.8647
2025-03-19,F77012,全球科技先锋,0.8591
2025-03-20,F77012,全球科技先锋,0.8774
2025-03-21,F77012,全球科技先锋,0.8558
2025-03-24,F77012,全球科技先锋,0.8553
2025-03-25,F77012,全球科技先锋,0.8594
2025-03-26,F77012,全球科技先锋,0.8741
2025-03-27,F77012,全球科技先锋,0.8725
2025-03-28,F77012,全球科技先锋,0.8879
2025-03-31,F77012,全球科技先锋,0.8873
2025-04-01,F77012,全球科技先锋,0.8895
2025-04-02,F77012,全球科技先锋,0.891
2025-04-03,F77012,全球科技先锋,0.9017
2025-04-04,F77012,全球科技先锋,0.9107
2025-04-07,F77012,全球科技先锋,0.8932
2025-04-08,F77012,全球科技先锋,0.897
2025-04-09,F77012,全球科技先锋,0.9059
2025-04-10,F77012,全球科技先锋,0.9299
2025-04-11,F77012,全球科技先锋,0.9138
2025-04-14,F77012,全球科技先锋,0.9228
2025-04-15,F77012,全球科技先锋,0.9175
2025-04-16,F77012,全球科技先锋,0.9209
2025-04-17,F77012,全球科技先锋,0.9038
2025-04-18,F77012,全球科技先锋,0.9039
2025-04-21,F77012,全球科技先锋,0.9093
2025-04-22,F77012,全球科技先锋,0.8941
2025-04-23,F77012,全球科技先锋,0.9176
2025-04-24,F77012,全球科技先锋,0.8932
2025-04-25,F77012,全球科技先锋,0.902
2025-04-28,F77012,全球科技先锋,0.8643
2025-04-29,F77012,全球科技先锋,0.8607
2025-04-30,F77012,全球科技先锋,0.8683
2025-05-01,F77012,全球科技先锋,0.8796
2025-05-02,F77012,全球科技先锋,0.8783
2025-05-05,F77012,全球科技先锋,0.8748
2025-05-06,F77012,全球科技先锋,0.8839
2025-05-07,F77012,全球科技先锋,0.8992
2025-05-08,F77012,全球科技先锋,0.9218
2025-05-09,F77012,全球科技先锋,0.9012
2025-05-12,F77012,全球科技先锋,0.8983
2025-05-13,F77012,全球科技先锋,0.8644
2025-05-14,F77012,全球科技先锋,0.844
2025-05-15,F77012,全球科技先锋,0.8338
2025-05-16,F77012,全球科技先锋,0.8469
2025-05-19,F77012,全球科技先锋,0.84
2025-05-20,F77012,全球科技先锋,0.836
2025-05-21,F77012,全球科技先锋,0.8407
2025-05-22,F77012,全球科技先锋,0.8311
2025-05-23,F77012,全球科技先锋,0.8025
2025-05-26,F77012,全球科技先锋,0.7922
2025-05-27,F77012,全球科技先锋,0.7908
2025-05-28,F77012,全球科技先锋,0.7976
2025-05-29,F77012,全球科技先锋,0.795
2025-05-30,F77012,全球科技先锋,0.8016
2025-06-02,F77012,全球科技先锋,0.8151
2025-06-03,F77012,全球科技先锋,0.8317
2025-06-04,F77012,全球科技先锋,0.8345
2025-06-05,F77012,全球科技先锋,0.8182
2025-06-06,F77012,全球科技先锋,0.8006
2025-06-09,F77012,全球科技先锋,0.7847
2025-06-10,F77012,全球科技先锋,0.7701
2025-06-11,F77012,全球科技先锋,0.7717
2025-06-12,F77012,全球科技先锋,0.7982
2025-06-13,F77012,全球科技先锋,0.8015
2025-06-16,F77012,全球科技先锋,0.8005
2025-06-17,F77012,全球科技先锋,0.8146
2025-06-18,F77012,全球科技先锋,0.803
2025-06-19,F77012,全球科技先锋,0.8182
2025-06-20,F77012,全球科技先锋,0.8326
2025-06-23,F77012,全球科技先锋,0.8337
2025-06-24,F77012,全球科技先锋,0.8655
2025-06-25,F77012,全球科技先锋,0.883
2025-06-26,F77012,全球科技先锋,0.884
2025-06-27,F77012,全球科技先锋,0.8821
2025-06-30,F77012,全球科技先锋,0.8756
2025-07-01,F77012,全球科技先锋,0.8739
2025-07-02,F77012,全球科技先锋,0.8726
2025-07-03,F77012,全球科技先锋,0.868
2025-07-04,F77012,全球科技先锋,0.865
2025-07-07,F77012,全球科技先锋,0.8472
2025-07-08,F77012,全球科技先锋,0.839
2025-07-09,F77012,全球科技先锋,0.8158
2025-07-10,F77012,全球科技先锋,0.8221
2025-07-11,F77012,全球科技先锋,0.8235
2025-07-14,F77012,全球科技先锋,0.822
2025-07-15,F77012,全球科技先锋,0.8353
2025-07-16,F77012,全球科技先锋,0.8229
2025-07-17,F77012,全球科技先锋,0.8128
2025-07-18,F77012,全球科技先锋,0.792
2025-07-21,F77012,全球科技先锋,0.8068
2025-07-22,F77012,全球科技先锋,0.8158
2025-07-23,F77012,全球科技先锋,0.8355
2025-07-24,F77012,全球科技先锋,0.8595
2025-07-25,F77012,全球科技先锋,0.8533
2025-07-28,F77012,全球科技先锋,0.8429
2025-07-29,F77012,全球科技先锋,0.8168
2025-07-30,F77012,全球科技先锋,0.8013
2025-07-31,F77012,全球科技先锋,0.797
2025-08-01,F77012,全球科技先锋,0.7687
2025-08-04,F77012,全球科技先锋,0.7544
2025-08-05,F77012,全球科技先锋,0.7535
2025-08-06,F77012,全球科技先锋,0.7658
2025-08-07,F77012,全球科技先锋,0.7564
2025-08-08,F77012,全球科技先锋,0.7583
2025-08-11,F77012,全球科技先锋,0.784
2025-08-12,F77012,全球科技先锋,0.7596
2025-08-13,F77012,全球科技先锋,0.7746
2025-08-14,F77012,全球科技先锋,0.7801
2025-08-15,F77012,全球科技先锋,0.798
2025-08-18,F77012,全球科技先锋,0.8121
2025-08-19,F77012,全球科技先锋,0.8029
2025-08-20,F77012,全球科技先锋,0.8032
2025-08-21,F77012,全球科技先锋,0.7829
2025-08-22,F77012,全球科技先锋,0.7759
2025-08-25,F77012,全球科技先锋,0.7766
2025-08-26,F77012,全球科技先锋,0.781
2025-08-27,F77012,全球科技先锋,0.7923
2025-08-28,F77012,全球科技先锋,0.8151
2025-08-29,F77012,全球科技先锋,0.8091
2025-09-01,F77012,全球科技先锋,0.8259
2025-09-02,F77012,全球科技先锋,0.8301
2025-09-03,F77012,全球科技先锋,0.8113
2025-09-04,F77012,全球科技先锋,0.8095
2025-09-05,F77012,全球科技先锋,0.8114
2025-09-08,F77012,全球科技先锋,0.7997
2025-09-09,F77012,全球科技先锋,0.7854
2025-09-10,F77012,全球科技先锋,0.7708
2025-09-11,F77012,全球科技先锋,0.7637
2025-09-12,F77012,全球科技先锋,0.7523
2025-09-15,F77012,全球科技先锋,0.7691
2025-09-16,F77012,全球科技先锋,0.7367
2025-09-17,F77012,全球科技先锋,0.7384
2025-09-18,F77012,全球科技先锋,0.7456
2025-09-19,F77012,全球科技先锋,0.7332
2025-09-22,F77012,全球科技先锋,0.7304
2025-09-23,F77012,全球科技先锋,0.7263
2025-09-24,F77012,全球科技先锋,0.7255
2025-09-25,F77012,全球科技先锋,0.7343
2025-09-26,F77012,全球科技先锋,0.742
2025-09-29,F77012,全球科技先锋,0.7344
2025-09-30,F77012,全球科技先锋,0.7154
2025-10-01,F77012,全球科技先锋,0.7177
2025-10-02,F77012,全球科技先锋,0.7096
2025-10-03,F77012,全球科技先锋,0.7032
2025-10-06,F77012,全球科技先锋,0.7063
2025-10-07,F77012,全球科技先锋,0.7011
2025-10-08,F77012,全球科技先锋,0.7051
2025-10-09,F77012,全球科技先锋,0.7374
2025-10-10,F77012,全球科技先锋,0.7467
2025-10-13,F77012,全球科技先锋,0.7649
2025-10-14,F77012,全球科技先锋,0.7721
2025-10-15,F77012,全球科技先锋,0.7734
2025-10-16,F77012,全球科技先锋,0.7809
2025-10-17,F77012,全球科技先锋,0.7878
2025-10-20,F77012,全球科技先锋,0.8002
2025-10-21,F77012,全球科技先锋,0.8013
2025-10-22,F77012,全球科技先锋,0.7832
2025-10-23,F77012,全球科技先锋,0.7633
2025-10-24,F77012,全球科技先锋,0.7699
2025-10-27,F77012,全球科技先锋,0.7549
2025-10-28,F77012,全球科技先锋,0.7644
2025-10-29,F77012,全球科技先锋,0.783
2025-10-30,F77012,全球科技先锋,0.7802
2025-10-31,F77012,全球科技先锋,0.7973
2025-11-03,F77012,全球科技先锋,0.8013
2025-11-04,F77012,全球科技先锋,0.8019
2025-11-05,F77012,全球科技先锋,0.8032
2025-11-06,F77012,全球科技先锋,0.7917
2025-11-07,F77012,全球科技先锋,0.7786
2025-11-10,F77012,全球科技先锋,0.7565
2025-11-11,F77012,全球科技先锋,0.747
2025-11-12,F77012,全球科技先锋,0.7761
2025-11-13,F77012,全球科技先锋,0.7561
2025-11-14,F77012,全球科技先锋,0.7408
2025-11-17,F77012,全球科技先锋,0.7305
2025-11-18,F77012,全球科技先锋,0.721
2025-11-19,F77012,全球科技先锋,0.7247
2025-11-20,F77012,全球科技先锋,0.7171
2025-11-21,F77012,全球科技先锋,0.7148
2025-11-24,F77012,全球科技先锋,0.7044
2025-11-25,F77012,全球科技先锋,0.6987
2025-11-26,F77012,全球科技先锋,0.6982
2025-11-27,F77012,全球科技先锋,0.6967
2025-11-28,F77012,全球科技先锋,0.7218
2025-12-01,F77012,全球科技先锋,0.7217
2025-12-02,F77012,全球科技先锋,0.7193
2025-12-03,F77012,全球科技先锋,0.6884
2025-12-04,F77012,全球科技先锋,0.6915
2025-12-05,F77012,全球科技先锋,0.668
2025-12-08,F77012,全球科技先锋,0.6748
2025-12-09,F77012,全球科技先锋,0.6767
2025-12-10,F77012,全球科技先锋,0.6865
2025-12-11,F77012,全球科技先锋,0.6791
2025-12-12,F77012,全球科技先锋,0.6796
2025-12-15,F77012,全球科技先锋,0.688
2025-12-16,F77012,全球科技先锋,0.677
2025-12-17,F77012,全球科技先锋,0.6846
2025-12-18,F77012,全球科技先锋,0.6917
2025-12-19,F77012,全球科技先锋,0.6903
2025-12-22,F77012,全球科技先锋,0.7101
2025-12-23,F77012,全球科技先锋,0.7168
2025-12-24,F77012,全球科技先锋,0.6961
2025-12-25,F77012,全球科技先锋,0.7086
2025-12-26,F77012,全球科技先锋,0.7006
2025-12-29,F77012,全球科技先锋,0.7108
2025-12-30,F77012,全球科技先锋,0.7148
2025-12-31,F77012,全球科技先锋,0.6823
2026-01-01,F77012,全球科技先锋,0.6899
2026-01-02,F77012,全球科技先锋,0.6874
2026-01-05,F77012,全球科技先锋,0.6821
2026-01-06,F77012,全球科技先锋,0.6772
2026-01-07,F77012,全球科技先锋,0.687
2026-01-08,F77012,全球科技先锋,0.6761
2026-01-09,F77012,全球科技先锋,0.6897
2026-01-12,F77012,全球科技先锋,0.6716
2026-01-13,F77012,全球科技先锋,0.6754
2026-01-14,F77012,全球科技先锋,0.6849
2026-01-15,F77012,全球科技先锋,0.6943
2026-01-16,F77012,全球科技先锋,0.6968
2026-01-19,F77012,全球科技先锋,0.6944
2026-01-20,F77012,全球科技先锋,0.6879
2026-01-21,F77012,全球科技先锋,0.6734
2026-01-22,F77012,全球科技先锋,0.6655
2026-01-23,F77012,全球科技先锋,0.6545
2026-01-26,F77012,全球科技先锋,0.6418
2026-01-27,F77012,全球科技先锋,0.6628
2026-01-28,F77012,全球科技先锋,0.6431
2026-01-29,F77012,全球科技先锋,0.6563
2026-01-30,F77012,全球科技先锋,0.6423
2026-02-02,F77012,全球科技先锋,0.631
2026-02-03,F77012,全球科技先锋,0.6197
2026-02-04,F77012,全球科技先锋,0.6078
2026-02-05,F77012,全球科技先锋,0.618
2026-02-06,F77012,全球科技先锋,0.6247
2026-02-09,F77012,全球科技先锋,0.6223
2026-02-10,F77012,全球科技先锋,0.6531
2026-02-11,F77012,全球科技先锋,0.6531
2026-02-12,F77012,全球科技先锋,0.654
2026-02-13,F77012,全球科技先锋,0.6464
2026-02-16,F77012,全球科技先锋,0.6374
2026-02-17,F77012,全球科技先锋,0.6316
2026-02-18,F77012,全球科技先锋,0.6414
2026-02-19,F77012,全球科技先锋,0.6482
2026-02-20,F77012,全球科技先锋,0.6634
2026-02-23,F77012,全球科技先锋,0.6552
2026-02-24,F77012,全球科技先锋,0.6623
2026-02-25,F77012,全球科技先锋,0.6661
2026-02-26,F77012,全球科技先锋,0.6715
2026-02-27,F77012,全球科技先锋,0.6615
2026-03-02,F77012,全球科技先锋,0.6496
2026-03-03,F77012,全球科技先锋,0.6561
2026-03-04,F77012,全球科技先锋,0.6665
2026-03-05,F77012,全球科技先锋,0.6595
2026-03-06,F77012,全球科技先锋,0.6668
2026-03-09,F77012,全球科技先锋,0.6814
2026-03-10,F77012,全球科技先锋,0.6772
2026-03-11,F77012,全球科技先锋,0.6604
2026-03-12,F77012,全球科技先锋,0.6454
2026-03-13,F77012,全球科技先锋,0.638
2026-03-16,F77012,全球科技先锋,0.6331
2026-03-17,F77012,全球科技先锋,0.6329
2026-03-18,F77012,全球科技先锋,0.633
2026-03-19,F77012,全球科技先锋,0.6301
2026-03-20,F77012,全球科技先锋,0.638
2026-03-23,F77012,全球科技先锋,0.6296
2026-03-24,F77012,全球科技先锋,0.6441
2026-03-25,F77012,全球科技先锋,0.6551
2026-03-26,F77012,全球科技先锋,0.6655
2026-03-27,F77012,全球科技先锋,0.6579
2026-03-30,F77012,全球科技先锋,0.6568
2026-03-31,F77012,全球科技先锋,0.6655
2026-04-01,F77012,全球科技先锋,0.6633
2026-04-02,F77012,全球科技先锋,0.6554
2026-04-03,F77012,全球科技先锋,0.6471
2026-04-06,F77012,全球科技先锋,0.6394
2026-04-07,F77012,全球科技先锋,0.6266
2026-04-08,F77012,全球科技先锋,0.6595
2026-04-09,F77012,全球科技先锋,0.6373
2026-04-10,F77012,全球科技先锋,0.6265
2026-04-13,F77012,全球科技先锋,0.6334
2026-04-14,F77012,全球科技先锋,0.626
2026-04-15,F77012,全球科技先锋,0.6223
2026-04-16,F77012,全球科技先锋,0.6269
2026-04-17,F77012,全球科技先锋,0.6386
2026-04-20,F77012,全球科技先锋,0.6358
2026-04-21,F77012,全球科技先锋,0.6464
2026-04-22,F77012,全球科技先锋,0.6275
2026-04-23,F77012,全球科技先锋,0.621
2026-04-24,F77012,全球科技先锋,0.6267
2026-04-27,F77012,全球科技先锋,0.6492
2026-04-28,F77012,全球科技先锋,0.6384
2026-04-29,F77012,全球科技先锋,0.6258
2026-04-30,F77012,全球科技先锋,0.6298
2026-05-01,F77012,全球科技先锋,0.6306
2026-05-04,F77012,全球科技先锋,0.6228
2026-05-05,F77012,全球科技先锋,0.6097
2026-05-06,F77012,全球科技先锋,0.6044
2026-05-07,F77012,全球科技先锋,0.6102
2026-05-08,F77012,全球科技先锋,0.6068
2026-05-11,F77012,全球科技先锋,0.6197
2026-05-12,F77012,全球科技先锋,0.6184
2026-05-13,F77012,全球科技先锋,0.6253
2026-05-14,F77012,全球科技先锋,0.6286
2026-05-15,F77012,全球科技先锋,0.6243
2026-05-18,F77012,全球科技先锋,0.6338
2026-05-19,F77012,全球科技先锋,0.6205
2026-05-20,F77012,全球科技先锋,0.6146
2026-05-21,F77012,全球科技先锋,0.6103
2026-05-22,F77012,全球科技先锋,0.6146
2026-05-25,F77012,全球科技先锋,0.6218
2026-05-26,F77012,全球科技先锋,0.613
2026-05-27,F77012,全球科技先锋,0.6029
2026-05-28,F77012,全球科技先锋,0.604
2026-05-29,F77012,全球科技先锋,0.5879
2026-06-01,F77012,全球科技先锋,0.5987
2026-06-02,F77012,全球科技先锋,0.5965
2026-06-03,F77012,全球科技先锋,0.5845
2026-06-04,F77012,全球科技先锋,0.5725
2026-06-05,F77012,全球科技先锋,0.5759
2026-06-08,F77012,全球科技先锋,0.579
2026-06-09,F77012,全球科技先锋,0.5714
2026-06-10,F77012,全球科技先锋,0.5704
2026-06-11,F77012,全球科技先锋,0.5593
2026-06-12,F77012,全球科技先锋,0.5569
2026-06-15,F77012,全球科技先锋,0.5718
2026-06-16,F77012,全球科技先锋,0.594
2026-06-17,F77012,全球科技先锋,0.592
2026-06-18,F77012,全球科技先锋,0.5967
2026-06-19,F77012,全球科技先锋,0.6011
2026-06-22,F77012,全球科技先锋,0.5832
2026-06-23,F77012,全球科技先锋,0.5716
2026-06-24,F77012,全球科技先锋,0.5489
2026-06-25,F77012,全球科技先锋,0.5534
2026-06-26,F77012,全球科技先锋,0.573
2026-06-29,F77012,全球科技先锋,0.5841
2026-06-30,F77012,全球科技先锋,0.5848
2026-07-01,F77012,全球科技先锋,0.5839
2026-07-02,F77012,全球科技先锋,0.5805
2026-07-03,F77012,全球科技先锋,0.5917
2026-07-06,F77012,全球科技先锋,0.5941
2026-07-07,F77012,全球科技先锋,0.595
2026-07-08,F77012,全球科技先锋,0.5837
2026-07-09,F77012,全球科技先锋,0.5901
2026-07-10,F77012,全球科技先锋,0.5887
2026-07-13,F77012,全球科技先锋,0.5931
2026-07-14,F77012,全球科技先锋,0.6039
2026-07-15,F77012,全球科技先锋,0.5868
2026-07-16,F77012,全球科技先锋,0.5839
2026-07-17,F77012,全球科技先锋,0.5796
2026-07-20,F77012,全球科技先锋,0.5744
2026-07-21,F77012,全球科技先锋,0.5633
2026-07-22,F77012,全球科技先锋,0.5563
2026-07-23,F77012,全球科技先锋,0.5457
2026-07-24,F77012,全球科技先锋,0.5539
2026-07-27,F77012,全球科技先锋,0.5578
2026-07-28,F77012,全球科技先锋,0.5611
2026-07-29,F77012,全球科技先锋,0.5424
2026-07-30,F77012,全球科技先锋,0.5616
2026-07-31,F77012,全球科技先锋,0.5578
2026-08-03,F77012,全球科技先锋,0.5755
2026-08-04,F77012,全球科技先锋,0.5833
2026-08-05,F77012,全球科技先锋,0.5811
2026-08-06,F77012,全球科技先锋,0.6027
2026-08-07,F77012,全球科技先锋,0.609
2026-08-10,F77012,全球科技先锋,0.6068
2026-08-11,F77012,全球科技先锋,0.6028
2026-08-12,F77012,全球科技先锋,0.6141
2026-08-13,F77012,全球科技先锋,0.6085
2026-08-14,F77012,全球科技先锋,0.6046
2026-08-17,F77012,全球科技先锋,0.5984
2026-08-18,F77012,全球科技先锋,0.5907
2026-08-19,F77012,全球科技先锋,0.5837
2026-08-20,F77012,全球科技先锋,0.6025
2026-08-21,F77012,全球科技先锋,0.6135
2026-08-24,F77012,全球科技先锋,0.6163
2026-08-25,F77012,全球科技先锋,0.6105
2026-08-26,F77012,全球科技先锋,0.6048
2026-08-27,F77012,全球科技先锋,0.6011
2026-08-28,F77012,全球科技先锋,0.6206
2026-08-31,F77012,全球科技先锋,0.624
